Major,Course,Course,Course,Course,Course,Course,Course,Course,Course,Course,Course,Course,Course,Course,Course,Course,Course,Course,Course,Course,Course,Course,Course,Course,Course,Course,Course,Course,Course,Course,Course,Course,Course,Course,Course,Course,Course,Course,Course,Course,Course,Course,Course,Course,Course,Course,Course,Course,Course,Course,Course,Course,Course,Course,Course,Course,Course,Course,Course,Course,Course,Course,Course,Course,Course,Course,Course,Course,Course,Course,Course,Course,Course,Course,Course,Course,Course,Course,Course,Course,Course,Course,Course,Course,Course,Course,Course,Course,Course,Course,Course,Course,Course,Course,Course,Course,Course,Course,Course,Course,Course,Course,Course,Course,Course,Course,Course,Course,Course,Course,Course,Course,Course,Course,Course,Course,Course,Course,Course,Course,Course,Course,Course,Course,Course,Course,Course,Course,Course,Course,Course,Course,Course,Course,Course,Course,Course,Course,Course,Course,Course,Course,Course,Course,Course,Course,Course,Course,Course,Course,Course,Course,Course,Course,Course,Course,Course,Course,Course,Course,Course,Course,Course,Course,Course,Course,Course,Course,Course,Course,Course,Course,Course,Course,Course,Course,Course,Course,Course,Course,Course,Course,Course,Course,Course,Course,Course,Course,Course,Course,Course,Course,Course,Course,Course,Course,Course,Course,Course,Course,Course,Course,Course,Course,Course,Course,Course,Course,Course,Course,Course,Course,Course,Course,Course,Course,Course,Course,Course,Course,Course,Course,Course,Course,Course,Course,Course,Course,Course,Course,Course,Course,Course,Course,Course,Course,Course,Course,Course,Course,Course,Course,Course,Course,Course,Course,Course,Course,Course,Course,Course,Course,Course,Course,Course,Course,Course,Course,Course,Course,Course,Course,Course,Course,Course,Course,Course,Course,Course,Course,Course,Course,Course,Course,Course,Course,Course,Course,Course,Course,Course,Course,Course,Course,Course,Course,Course,Course,Course,Course,Course,Course,Course,Course,Course,Course,Course,Course,Course,Course,Course,Course,Course,Course,Course,Course,Course,Course,Course,Course,Course,Course,Course,Course,Course,Course,Course,Course,Course,Course,Course,Course,Course,Course,Course,Course,Course,Course,Course,Course,Course,Course,Course,Course,Course,Course,Course,Course,Course,Course,Course,Course,Course,Course,Course,Course,Course,Course,Course,Course,Course,Course,Course,Course,Course,Course,Course,Course,Course,Course,Course,Course,Course,Course,Course,Course,Course,Course,Course,Course,Course,Course,Course,Course,Course,Course,Course,Course,Course,Course,Course,Course,Course,Course,Course,Course,Course,Course,Course,Course,Course,Course,Course,Course,Course,Course,Course,Course,Course,Course,Course,Course,Course,Course,Course,Course,Course,Course,Course,Course,Course,Course,Course,Course,Course,Course,Course,Course,Course,Course,Course,Course,Course,Course,Course,Course,Course,Course,Course,Course,Course,Course,Course,Course,Course,Course,Course,Course,Course,Course,Course,Course,Course,Course,Course,Course,Course,Course,Course,Course,Course,Course,Course,Course,Course,Course,Course,Course,Course,Course,Course,Course,Course,Course,Course,Course,Course
Africana Studies - Africa Concentration,AFR 105,AFR 206,SWA 101,SWA 102,SWA 203,AFR 204,,,AFR 105,AFR 238,AFR 239,AFR 340,HIST 265,AFR 204,AFR 213,AFR 215,AFR 235,AFR 236,POL2 231,AFR 245,AFR 255,AFR 280,AFR 297,AFR 301,AFR 306,AFR 318,AFR 341,SWA 101,SWA 102,SWA 201,SWA 202,AFR 202,PHIL 202,AFR 207,AFR 211,AFR 222,AFR 251,AFR 316,FREN 218,FREN 330,MUS 209,,,,,,,,,,,,,,,,,,,,,,,,,,,,,,,,,,,,,,,,,,,,,,,,,,,,,,,,,,,,,,,,,,,,,,,,,,,,,,,,,,,,,,,,,,,,,,,,,,,,,,,,,,,,,,,,,,,,,,,,,,,,,,,,,,,,,,,,,,,,,,,,,,,,,,,,,,,,,,,,,,,,,,,,,,,,,,,,,,,,,,,,,,,,,,,,,,,,,,,,,,,,,,,,,,,,,,,,,,,,,,,,,,,,,,,,,,,,,,,,,,,,,,,,,,,,,,,,,,,,,,,,,,,,,,,,,,,,,,,,,,,,,,,,,,,,,,,,,,,,,,,,,,,,,,,,,,,,,,,,,,,,,,,,,,,,,,,,,,,,,,,,,,,,,,,,,,,,,,,,,,,,,,,,,,,,,,,,,,,,,,
Africana Studies - General Africana Studies Concentration,AFR 105,AFR 206,SWA 101,SWA 102,SWA 203,AFR 204,,,,,,,,,,,,,,,,,,,,,,,,,,,,,,,,,,,,,,,,,,,,,,,,,,,,,,,,,,,,,,,,,,,,,,,,,,,,,,,,,,,,,,,,,,,,,,,,,,,,,,,,,,,,,,,,,,,,,,,,,,,,,,,,,,,,,,,,,,,,,,,,,,,,,,,,,,,,,,,,,,,,,,,,,,,,,,,,,,,,,,,,,,,,,,,,,,,,,,,,,,,,,,,,,,,,,,,,,,,,,,,,,,,,,,,,,,,,,,,,,,,,,,,,,,,,,,,,,,,,,,,,,,,,,,,,,,,,,,,,,,,,,,,,,,,,,,,,,,,,,,,,,,,,,,,,,,,,,,,,,,,,,,,,,,,,,,,,,,,,,,,,,,,,,,,,,,,,,,,,,,,,,,,,,,,,,,,,,,,,,,,,,,,,,,,,,,,,,,,,,,,,,,,,,,,,,,,
Africana Studies - The Caribbean and Latin America Concentration,AFR 105,AFR 206,SWA 101,SWA 102,SWA 203,AFR 204,,,AFR 216,AFR 299,AFR 340,HIST 215,AFR 105,AFR 213,AFR 215,AFR 245,AFR 255,AFR 299,AFR 300,AFR 306,AFR 207,AFR 234,AFR 310,FREN 218,FREN 330,SPAN 269,,,,,,,,,,,,,,,,,,,,,,,,,,,,,,,,,,,,,,,,,,,,,,,,,,,,,,,,,,,,,,,,,,,,,,,,,,,,,,,,,,,,,,,,,,,,,,,,,,,,,,,,,,,,,,,,,,,,,,,,,,,,,,,,,,,,,,,,,,,,,,,,,,,,,,,,,,,,,,,,,,,,,,,,,,,,,,,,,,,,,,,,,,,,,,,,,,,,,,,,,,,,,,,,,,,,,,,,,,,,,,,,,,,,,,,,,,,,,,,,,,,,,,,,,,,,,,,,,,,,,,,,,,,,,,,,,,,,,,,,,,,,,,,,,,,,,,,,,,,,,,,,,,,,,,,,,,,,,,,,,,,,,,,,,,,,,,,,,,,,,,,,,,,,,,,,,,,,,,,,,,,,,,,,,,,,,,,,,,,,,,,,,,,,,,,,,,,
Africana Studies - United States Concentration,AFR 105,AFR 206,SWA 101,SWA 102,SWA 203,AFR 204,,,AFR 105,AFR 206,AFR 208,AFR 239,AFR 340,AFR 213,AFR 215,AFR 217,AFR 225,AFR 255,AFR 237,AFR 306,AMST 152,AMST 215,AMST 315,POL1 337,AFR 201,AFR 212,AFR 222,AFR 243,MUS 209,MUS 300,,,,,,,,,,,,,,,,,,,,,,,,,,,,,,,,,,,,,,,,,,,,,,,,,,,,,,,,,,,,,,,,,,,,,,,,,,,,,,,,,,,,,,,,,,,,,,,,,,,,,,,,,,,,,,,,,,,,,,,,,,,,,,,,,,,,,,,,,,,,,,,,,,,,,,,,,,,,,,,,,,,,,,,,,,,,,,,,,,,,,,,,,,,,,,,,,,,,,,,,,,,,,,,,,,,,,,,,,,,,,,,,,,,,,,,,,,,,,,,,,,,,,,,,,,,,,,,,,,,,,,,,,,,,,,,,,,,,,,,,,,,,,,,,,,,,,,,,,,,,,,,,,,,,,,,,,,,,,,,,,,,,,,,,,,,,,,,,,,,,,,,,,,,,,,,,,,,,,,,,,,,,,,,,,,,,,,,,,,,,,,,,,,,,,,,
American Studies,AMST 101,AMST 121,AFR 209,AFR 210,AFR 212,ENG 279,AFR 242,REL 214,AFR 243,PEAC 243,AFR 249,AFR 265,ENG 265,AFR 271,AFR 310,SOC 310,AFR 316,ARTH 316,AFR 319,PHIL 319,AFR 390,AFR 209,AFR 210,AFR 212,ENG 279,AFR 222,AFR 242,REL 214,AFR 209,AFR 210,AFR 212,ENG 279,AFR 222,AFR 242,REL 214,AFR 243,PEAC 243,AFR 249,AFR 265,ENG 265,AFR 271,AFR 310,SOC 310,AFR 316,ARTH 316,AFR 319,PHIL 319,AFR 390,ANTH 214,ANTH 232,CAMS 232,ANTH 235,MUS 245,ARTH 225,ARTH 226,CAMS 207,ARTH 228,ARTH 230,ARTH 245,ARTH 262,ARTH 318,CAMS 222,CAMS 227,CAMS 240,WGST 223,CAMS 241,WGST 249,CAMS 272,CAMS 292,ENG 292,ECON 222,ECON 226,EDUC 226,ECON 228,ES 228,ECON 232,ECON 243,ECON 306,ECON 311,ECON 318,ECON 326,ECON 332,ECON 334,ECON 341,EDUC 215,PEAC 215,EDUC 216,EDUC 334,EDUC 335,ENG 251,ENG 252,ENG 253,ENG 270,JWST 270,ENG 291,ENG 294,ENG 356,ENG 357,FREN 229,GER 388,HIST 203,HIST 204,HIST 207,HIST 220,HIST 244,HIST 245,HIST 249,HIST 252,HIST 253,HIST 254,HIST 256,HIST 260,HIST 267,HIST 277,HIST 311,HIST 312,HIST 314,HIST 319,HIST 320,HIST 321,HIST 340,MUS 209,MUS 220,MUS 276,PEAC 240,WGST 240,POL 121,POL1 200,POL1 215,POL1 233,POL1 247,POL1 300,POL1 303,POL1 317,POL1 324,POL1 329,POL1 333,POL1 388,POL3 326,POL4 249,POL4 311,POL4 340,POL4 343,POL4 345,PSYC 337,PSYC 338,PSYC 341,PSYC 346,SOC 205,WGST 211,SOC 209,SOC 306,WGST 306,SOC 307,WRIT 307,SOC 308,SOC 311,WGST 311,SOC 314,SOC 317,SOC 324,SOC 334,SPAN 245,SPAN 255,SPAN 305,THST 210,THST 215,WGST 216,WGST 217,WGST 218,WGST 219,WGST 220,WGST 222,WGST 224,WGST 226,WGST 305,WGST 320,WGST 326,,,,,,,,,,,,,,,,,,,,,,,,,,,,,,,,,,,,,,,,,,,,,,,,,,,,,,,,,,,,,,,,,,,,,,,,,,,,,,,,,,,,,,,,,,,,,,,,,,,,,,,,,,,,,,,,,,,,,,,,,,,,,,,,,,,,,,,,,,,,,,,,,,,,,,,,,,,,,,,,,,,,,,,,,,,,,,,,,,,,,,,,,,,,,,,,,,,,,,,,,,,,,,,,,,,,,,,,,,,,,,,,,,,,,,,,,,,,,,,,,,,,
Anthropology,ANTH 101,ANTH 102,ANTH 103,ANTH 205,ANTH 301,LING 114,LING 238,LING 244,LING 338,MUS 209,MUS 210,WGST 224,WGST 320,,,,,,,,,,,,,,,,,,,,,,,,,,,,,,,,,,,,,,,,,,,,,,,,,,,,,,,,,,,,,,,,,,,,,,,,,,,,,,,,,,,,,,,,,,,,,,,,,,,,,,,,,,,,,,,,,,,,,,,,,,,,,,,,,,,,,,,,,,,,,,,,,,,,,,,,,,,,,,,,,,,,,,,,,,,,,,,,,,,,,,,,,,,,,,,,,,,,,,,,,,,,,,,,,,,,,,,,,,,,,,,,,,,,,,,,,,,,,,,,,,,,,,,,,,,,,,,,,,,,,,,,,,,,,,,,,,,,,,,,,,,,,,,,,,,,,,,,,,,,,,,,,,,,,,,,,,,,,,,,,,,,,,,,,,,,,,,,,,,,,,,,,,,,,,,,,,,,,,,,,,,,,,,,,,,,,,,,,,,,,,,,,,,,,,,,,,,,,,,,,,,,,,,,
Architecture,ARTH 100,ARTS 105,ARTS 113,ARTH 200,ARTH 228,ARTH 231,ARTH 216,ARTH 200,ARTH 201,ARTH 203,ARTH 228,ARTH 230,ARTH 231,ARTH 238,ARTH 240,ARTH 241,ARTH 245,ARTH 247,ARTH 249,ARTH 259,ARTH 266,ARTH 289,ARTH 309,ARTH 318,ARTS 105,ARTS 109,ARTS 113,ARTS 207,ARTS 216,ARTS 217,ARTS 219,ARTS 220,ARTS 221,CAMS 239,ARTS 222,ARTS 255,CAMS 255,ARTS 307,ARTS 314,ARTS 317,ARTS 318,ARTS 321,CAMS 321,ARTS 322,ARTS 336,MUS 336,MUS 209,MUS 220,MUS 276,PEAC 240,WGST 240,POL 121,POL1 200,POL1 215,POL1 233,POL1 247,POL1 300,POL1 303,POL1 317,POL1 324,POL1 329,POL1 333,POL1 388,POL3 326,POL4 249,POL4 311,POL4 340,POL4 343,POL4 345,PSYC 337,PSYC 338,PSYC 341,PSYC 346,SOC 205,WGST 211,SOC 209,SOC 306,WGST 306,SOC 307,WRIT 307,SOC 308,SOC 311,WGST 311,SOC 314,SOC 317,SOC 324,SOC 334,SPAN 245,SPAN 255,SPAN 305,THST 210,THST 215,WGST 216,WGST 217,WGST 218,WGST 219,WGST 220,WGST 222,WGST 224,WGST 226,WGST 305,WGST 320,WGST 326,,,,,,,,,,,,,,,,,,,,,,,,,,,,,,,,,,,,,,,,,,,,,,,,,,,,,,,,,,,,,,,,,,,,,,,,,,,,,,,,,,,,,,,,,,,,,,,,,,,,,,,,,,,,,,,,,,,,,,,,,,,,,,,,,,,,,,,,,,,,,,,,,,,,,,,,,,,,,,,,,,,,,,,,,,,,,,,,,,,,,,,,,,,,,,,,,,,,,,,,,,,,,,,,,,,,,,,,,,,,,,,,,,,,,,,,,,,,,,,,,,,,,,,,,,,,,,,,,,,,,,,,,,,,,,,,,,,,,,,,,,,,,,,,,,,,,,,,,,,,,,,,,,,,,,,,,,,,,,,,
Art History,ARTH 100,WRIT 107,ARTS 105,ARTS 108,CAMS 138,ARTH 109,ARTH 112,ARTH 113,ARTH 165,CAMS 135,ARTH 206,ARTH 225,ARTH 231,ARTH 234,ARTH 236,ARTH 237,ARTH 245,ARTH 262,ARTH 267,ES 267,ARTH 292,AFR 292,ARTH 303,ARTH 309,ARTH 310,ARTH 315,ARTH 316,AFR 316,ARTH 317,ARTH 318,ARTH 320,ARTH 321,ARTH 334,ARTH 336,ARTH 339,ARTH 345,ARTH 376,ARTH 110Y,ARTH 203,ARTH 209,ARTH 212,ARTH 222,MAS 222,ARTH 224,ARTH 226,CAMS 207,ARTH 227,ARTH 228,ARTH 229,ARTH 235,ARTH 241,ARTH 242,ARTH 243,ARTH 244,ARTH 246,ARTH 247,ARTH 251,ARTH 256,ARTH 259,ARTH 264,AFR 264,ARTH 289,ARTH 290,ARTH 292,AFR 292,ARTH 299,ARTH 301,ARTH 303,ARTH 304,ARTH 309,ARTH 310,ARTH 312,ARTH 315,ARTH 321,ARTH 322,ARTH 323,ARTH 325,ARTH 326,ARTH 328,ARTH 330,ARTH 335,ARTH 336,ARTH 343,ARTH 347,ARTH 373,CLCV 373,WRIT 149,ARTH 212,ARTH 229,ARTH 238,ARTH 239,SAS 239,ARTH 240,ARTH 248,ARTH 249,ARTH 255,ARTH 257,ARTH 337,ARTH 341,ARTH 346,ARTH 347,ARTH 110Y,ARTH 200,ARTH 203,ARTH 206,ARTH 209,ARTH 217,ARTH 222,MAS 222,ARTH 227,ARTH 229,ARTH 235,ARTH 236,ARTH 238,ARTH 239,SAS 239,ARTH 240,ARTH 241,ARTH 242,ARTH 243,ARTH 244,ARTH 245,ARTH 246,ARTH 247,ARTH 248,ARTH 249,ARTH 251,ARTH 256,ARTH 259,ARTH 290,ARTH 304,ARTH 323,ARTH 325,ARTH 326,ARTH 328,ARTH 330,ARTH 336,ARTH 337,ARTH 341,ARTH 343,ARTH 345,ARTH 346,ARTH 347,ARTH 373,CLCV 373,ARTH 200,ARTH 206,ARTH 212,ARTH 224,ARTH 225,ARTH 226,CAMS 207,ARTH 228,ARTH 231,ARTH 234,ARTH 237,ARTH 245,ARTH 255,ARTH 262,ARTH 267,ES 267,ARTH 289,ARTH 292,AFR 292,ARTH 301,ARTH 303,ARTH 304,ARTH 309,ARTH 310,ARTH 312,ARTH 315,ARTH 316,AFR 316,ARTH 317,ARTH 318,ARTH 320,ARTH 321,ARTH 322,ARTH 334,ARTH 335,ARTH 339,ARTH 345,ARTH 376,ARTH 377,ARTH 390,ARTH 391,,,,,,,,,,,,,,,,,,,,,,,,,,,,,,,,,,,,,,,,,,,,,,,,,,,,,,,,,,,,,,,,,,,,,,,,,,,,,,,,,,,,,,,,,,,,,,,,,,,,,,,,,,,,,,,,,,,,,,,,,,,,,,,,,,,,,,,,,,,,,,,,,,,,,,,,,,,,,,,,,,,,,,,,,,,,,,,,,,,,,,,,,,,,,,,,,,,,,,,,,,,,,,,,,,,,,,,,,,,,,,,,,,,,,,,,,,,,,
Astronomy,ASTR 107,ASTR 206,,,,MATH 215,PHYS 100,PHYS 107,PHYS 108,PHYS 120,PHYS 120,PHYS 205,PHYS 207,,,,,,,,,,,,,,,,,,,,,,,,,,,,,,,,,,,,,,,,,,,,,,,,,,,,,,,,,,,,,,,,,,,,,,,,,,,,,,,,,,,,,,,,,,,,,,,,,,,,,,,,,,,,,,,,,,,,,,,,,,,,,,,,,,,,,,,,,,,,,,,,,,,,,,,,,,,,,,,,,,,,,,,,,,,,,,,,,,,,,,,,,,,,,,,,,,,,,,,,,,,,,,,,,,,,,,,,,,,,,,,,,,,,,,,,,,,,,,,,,,,,,,,,,,,,,,,,,,,,,,,,,,,,,,,,,,,,,,,,,,,,,,,,,,,,,,,,,,,,,,,,,,,,,,,,,,,,,,,,,,,,,,,,,,,,,,,,,,,,,,,,,,,,,,,,,,,,,,,,,,,,,,,,,,,,,,,,,,,,,,,,,,,,,,,,,,,,,,,,,,,,,,,,
Astrophysics,PHYS 100,PHYS 107,PHYS 108,PHYS 120,PHYS 205,PHYS 207,PHYS 208,PHYS 210,PHYS 302,ASTR 311,PHYS 311,,MATH 115,MATH 116,MATH 205,MATH 215,ASTR 107,ASTR 206,,,,,,,,,,,,,,,,,,,,,,,,,,,,,,,,,,,,,,,,,,,,,,,,,,,,,,,,,,,,,,,,,,,,,,,,,,,,,,,,,,,,,,,,,,,,,,,,,,,,,,,,,,,,,,,,,,,,,,,,,,,,,,,,,,,,,,,,,,,,,,,,,,,,,,,,,,,,,,,,,,,,,,,,,,,,,,,,,,,,,,,,,,,,,,,,,,,,,,,,,,,,,,,,,,,,,,,,,,,,,,,,,,,,,,,,,,,,,,,,,,,,,,,,,,,,,,,,,,,,,,,,,,,,,,,,,,,,,,,,,,,,,,,,,,,,,,,,,,,,,,,,,,,,,,,,,,,,,,,,,,,,,,,,,,,,,,,,,,,,,,,,,,,,,,,,,,,,,,,,,,,,,,,,,,,,,,,,,,,,,,,,,,,,,,,,,,,,,,,,,,,,
Biochemistry,CHEM 105,CHEM 105P,CHEM 116,CHEM 120,BISC 110,BISC 110P,BISC 112,BISC 112Y,BISC 116,PHYS 100,PHYS 104,PHYS 106,PHYS 107,PHYS 108,PHYS 109,MATH 116,MATH 120,CHEM 205,CHEM 211,BIOC 219,BIOC 220,BIOC 223,BISC 311,BISC 314,BISC 316,BISC 318,BISC 328,BISC 329,BISC 333,BISC 334,BISC 335,BISC 336,NEUR 332,BIOC 320,BIOC 323,BOC 324,BIOC 331,,,,,,,,,,,,,,,,,,,,,,,,,,,,,,,,,,,,,,,,,,,,,,,,,,,,,,,,,,,,,,,,,,,,,,,,,,,,,,,,,,,,,,,,,,,,,,,,,,,,,,,,,,,,,,,,,,,,,,,,,,,,,,,,,,,,,,,,,,,,,,,,,,,,,,,,,,,,,,,,,,,,,,,,,,,,,,,,,,,,,,,,,,,,,,,,,,,,,,,,,,,,,,,,,,,,,,,,,,,,,,,,,,,,,,,,,,,,,,,,,,,,,,,,,,,,,,,,,,,,,,,,,,,,,,,,,,,,,,,,,,,,,,,,,,,,,,,,,,,,,,,,,,,,,,,,,,,,,,,,,,,,,,,,,,,,,,,,,,,,,,,,,,,,,,,,,,,,,,,,,,,,,,,,,,,,,,,,,,,,,,,,
Biological Sciences,BISC 110,BISC 110P,BISC 112,BISC 112Y,BISC 116,BISC 111,BISC 111T,BISC 113,BISC 113Y,BISC 219,BISC 220,BISC 203,BISC 207,BISC 216,BISC 201,BISC 202,BISC 204,BISC 209,BISC 210,BISC 214,BISC 247,ES 247,BISC 219,BISC 220,BISC 203,BISC 207,BISC 216,BISC 201,BISC 202,BISC 204,BISC 209,BISC 210,BISC 214,BISC 247,ES 247,,,,CHEM 105,CHEM 105P,CHEM 116,CHEM 120,,,,,,,,,,,,,,,,,,,,,,,,,,,,,,,,,,,,,,,,,,,,,,,,,,,,,,,,,,,,,,,,,,,,,,,,,,,,,,,,,,,,,,,,,,,,,,,,,,,,,,,,,,,,,,,,,,,,,,,,,,,,,,,,,,,,,,,,,,,,,,,,,,,,,,,,,,,,,,,,,,,,,,,,,,,,,,,,,,,,,,,,,,,,,,,,,,,,,,,,,,,,,,,,,,,,,,,,,,,,,,,,,,,,,,,,,,,,,,,,,,,,,,,,,,,,,,,,,,,,,,,,,,,,,,,,,,,,,,,,,,,,,,,,,,,,,,,,,,,,,,,,,,,,,,,,,,,,,,,,,,,,,,,,,,,,,,,,,,,,,,,,,,,,,,,,,,,,,,,,,,,,,,,,,,,,,,,,,,,,,
Chemical Physics,CHEM 105,CHEM 205,CHEM 120,PHYS 107,PHYS 108,PHYS 120,MATH 215,PHYS 207,PHYS 208,PHYS 210,PHYS 210,CHEM 211,CHEM 341,CHEM 330,CHEM 335,PHYS 302,PHYS 305,PHYS 308,PHYS 310,PHYS 323,PHYS 331,,,,,,,,,,,,,,,,,,,,,,,,,,,,,,,,,,,,,,,,,,,,,,,,,,,,,,,,,,,,,,,,,,,,,,,,,,,,,,,,,,,,,,,,,,,,,,,,,,,,,,,,,,,,,,,,,,,,,,,,,,,,,,,,,,,,,,,,,,,,,,,,,,,,,,,,,,,,,,,,,,,,,,,,,,,,,,,,,,,,,,,,,,,,,,,,,,,,,,,,,,,,,,,,,,,,,,,,,,,,,,,,,,,,,,,,,,,,,,,,,,,,,,,,,,,,,,,,,,,,,,,,,,,,,,,,,,,,,,,,,,,,,,,,,,,,,,,,,,,,,,,,,,,,,,,,,,,,,,,,,,,,,,,,,,,,,,,,,,,,,,,,,,,,,,,,,,,,,,,,,,,,,,,,,,,,,,,,,,,,,,,,,,,,,,,,,,,,,,,,
Chemistry,CHEM 105,CHEM 205,CHEM 120,CHEM 211,CHEM 212,CHEM 223,CHEM 334,CHEM 335,CHEM 341,CHEM 361,,MATH 215,MATH 205,PHYS 104,PHYS 107,PHYS 106,PHYS 108,,,,,,,,,,,,,,,,,,,,,,,,,,,,,,,,,,,,,,,,,,,,,,,,,,,,,,,,,,,,,,,,,,,,,,,,,,,,,,,,,,,,,,,,,,,,,,,,,,,,,,,,,,,,,,,,,,,,,,,,,,,,,,,,,,,,,,,,,,,,,,,,,,,,,,,,,,,,,,,,,,,,,,,,,,,,,,,,,,,,,,,,,,,,,,,,,,,,,,,,,,,,,,,,,,,,,,,,,,,,,,,,,,,,,,,,,,,,,,,,,,,,,,,,,,,,,,,,,,,,,,,,,,,,,,,,,,,,,,,,,,,,,,,,,,,,,,,,,,,,,,,,,,,,,,,,,,,,,,,,,,,,,,,,,,,,,,,,,,,,,,,,,,,,,,,,,,,,,,,,,,,,,,,,,,,,,,,,,,,,,,,,,,,,,,,,,,,,,,,,,,,,
Cinema and Media Studies - entering in Fall 2020 and before,CAMS 101,CAMS 201,CAMS 202,CAMS 135,ARTS 165,CAMS 138,ARTS 108,CAMS 234,ENG 204,CAMS 208,ENG 208,CAMS 203,CAMS 208,ENG 208,CAMS 212,CAMS 216,CAMS 217,CAMS 218,CAMS 219,CAMS 221,CAMS 222,CAMS 225,CAMS 227,CAMS 228,CAMS 230,ARTS 260,CAMS 233,JSWT 223,CAMS 235,ARTS 265,CAMS 238,ARTS 208,CAMS 239,ARTS 221,CAMS 234,ENG 204,CAMS 255,ARTS 255,CAMS 261,CAMS 270,CAMS 272,CAMS 286,GER 286,CAMS 277,MUS 275,CAMS 300,FREN 300,CAMS 301,CAMS 310,CAMS 312,CAMS 313,ARTS 313,CAMS 320,CAMS 324,CAMS 327,CAMS 335,ARTS 365,CAMS 338,ARTS 308,CAMS 366,ARTS 366,CAMS 203,CAMS 208,ENG 208,CAMS 212,CAMS 216,CAMS 217,CAMS 218,CAMS 219,CAMS 221,CAMS 222,CAMS 225,CAMS 227,CAMS 228,CAMS 230,ARTS 260,CAMS 233,JSWT 223,CAMS 235,ARTS 265,CAMS 238,ARTS 208,CAMS 239,ARTS 221,CAMS 234,ENG 204,CAMS 255,ARTS 255,CAMS 261,CAMS 270,CAMS 272,CAMS 286,GER 286,CAMS 277,MUS 275,AFR 207,AFR 222,AFR 261,AMST 274,WGST 274,ANTH 219,ANTH 239,FREN 222,FREN 300,FREN 314,ITAS 261,SPAN 268,SPAN 315,THST 209,MUS 277,RAST 222,RAST 322,CAMS 300,FREN 300,CAMS 301,CAMS 310,CAMS 312,CAMS 313,ARTS 313,CAMS 320,CAMS 324,CAMS 327,CAMS 335,ARTS 365,CAMS 338,ARTS 308,CAMS 366,ARTS 366,,,,,,,,,,,,,,,,,,,,,,,,,,,,,,,,,,,,,,,,,,,,,,,,,,,,,,,,,,,,,,,,,,,,,,,,,,,,,,,,,,,,,,,,,,,,,,,,,,,,,,,,,,,,,,,,,,,,,,,,,,,,,,,,,,,,,,,,,,,,,,,,,,,,,,,,,,,,,,,,,,,,,,,,,,,,,,,,,,,,,,,,,,,,,,,,,,,,,,,,,,,,,,,,,,,,,,,,,,,,,,,,,,,,,,,,,,,,,,,,,,,,,,,,,,,,,,,,,,,,,,,,,,,,,,,,,,,,,,,,,,,,,,,,,,,,,,,
Cinema and Media Studies - entering in Spring 2021 and after,CAMS 201,CAMS 202,CAMS 135,ARTS 165,CAMS 138,ARTS 108,CAMS 234,ENG 204,CAMS 208,ENG 208,CAMS 101,CAMS 203,CAMS 208,ENG 208,CAMS 212,CAMS 216,CAMS 217,CAMS 218,CAMS 219,CAMS 221,CAMS 222,CAMS 225,CAMS 227,CAMS 228,CAMS 230,ARTS 260,CAMS 233,JSWT 223,CAMS 235,ARTS 265,CAMS 238,ARTS 208,CAMS 239,ARTS 221,CAMS 234,ENG 204,CAMS 255,ARTS 255,CAMS 261,CAMS 270,CAMS 272,CAMS 286,GER 286,CAMS 277,MUS 275,CAMS 300,FREN 300,CAMS 301,CAMS 310,CAMS 312,CAMS 313,ARTS 313,CAMS 320,CAMS 324,CAMS 327,CAMS 335,ARTS 365,CAMS 338,ARTS 308,CAMS 366,ARTS 366,CAMS 203,CAMS 208,ENG 208,CAMS 212,CAMS 216,CAMS 217,CAMS 218,CAMS 219,CAMS 221,CAMS 222,CAMS 225,CAMS 227,CAMS 228,CAMS 230,ARTS 260,CAMS 233,JSWT 223,CAMS 235,ARTS 265,CAMS 238,ARTS 208,CAMS 239,ARTS 221,CAMS 234,ENG 204,CAMS 255,ARTS 255,CAMS 261,CAMS 270,CAMS 272,CAMS 286,GER 286,CAMS 277,MUS 275,AFR 207,AFR 222,AFR 261,AMST 274,WGST 274,ANTH 219,ANTH 239,FREN 222,FREN 300,FREN 314,ITAS 261,SPAN 268,SPAN 315,THST 209,MUS 277,RAST 222,RAST 322,CAMS 300,FREN 300,CAMS 301,CAMS 310,CAMS 312,CAMS 313,ARTS 313,CAMS 320,CAMS 324,CAMS 327,CAMS 335,ARTS 365,CAMS 338,ARTS 308,CAMS 366,ARTS 366,,,,,,,,,,,,,,,,,,,,,,,,,,,,,,,,,,,,,,,,,,,,,,,,,,,,,,,,,,,,,,,,,,,,,,,,,,,,,,,,,,,,,,,,,,,,,,,,,,,,,,,,,,,,,,,,,,,,,,,,,,,,,,,,,,,,,,,,,,,,,,,,,,,,,,,,,,,,,,,,,,,,,,,,,,,,,,,,,,,,,,,,,,,,,,,,,,,,,,,,,,,,,,,,,,,,,,,,,,,,,,,,,,,,,,,,,,,,,,,,,,,,,,,,,,,,,,,,,,,,,,,,,,,,,,,,,,,,,,,,,,,,,,,,,,,,,,,
Classical Civilization,GRK 101,GRK 102,GRK 201,GRK 202,GRK 203,GRK 250,GRK 250H,GRK 302,GRK 303,GRK 304,GRK 306,GRK 307,GRK 308,GRK 309,GRK 311,GRK 350,GRK 350H,LAT 101,LAT 102,LAT 202,LAT 250,LAT 250H,LAT 302,LAT 304,LAT 308,LAT 310,LAT 311,LAT 215,LAT 350,LAT 350H,ANTH 103,CLCV 103,CLCV 104,CLCV 106,CLCV 205,CLCV 206,CLCV 210,CLCV 212,CLCV 213,CLCV 215,CLCV 230,CLCV 236,CLCV 240,CLCV 241,CLCV 243,CLCV 250,CLCV 250H,CLCV 280H,CLCV 305,CLCV 310,CLCV 313,CLCV 330,CLCV 336,CLCV 350,CLCV 350H,ARTH 373,CLCV 373,ANTH 103,CLCV 103,ARTH 203,ARTH 241,ARTH 290,ARTH 243,ARTH 343,ARTH 373,HEBR 201,HIST 200,HIST 228,HIST 229,HIST 230,HIST 231,HIST 325,PHIL 201,PHIL 310,REL 104,REL 105,REL 243,REL 244,GRK 101,GRK 102,GRK 201,GRK 202,GRK 203,GRK 250,GRK 250H,GRK 302,GRK 303,GRK 304,GRK 306,GRK 307,GRK 308,GRK 309,GRK 311,GRK 350,GRK 350H,LAT 101,LAT 102,LAT 202,LAT 250,LAT 250H,LAT 302,LAT 304,LAT 308,LAT 310,LAT 311,LAT 215,LAT 350,LAT 350H,,,,,,,,,,,,,,,,,,,,,,,,,,,,,,,,,,,,,,,,,,,,,,,,,,,,,,,,,,,,,,,,,,,,,,,,,,,,,,,,,,,,,,,,,,,,,,,,,,,,,,,,,,,,,,,,,,,,,,,,,,,,,,,,,,,,,,,,,,,,,,,,,,,,,,,,,,,,,,,,,,,,,,,,,,,,,,,,,,,,,,,,,,,,,,,,,,,,,,,,,,,,,,,,,,,,,,,,,,,,,,,,,,,,,,,,,,,,,,,,,,,,,,,,,,,,,,,,,,,,,,,,,,,,,,,,,,,,,,,,,,,,,,,,,,,,,,,,,,,,,,,,,,,,,,,,,,,
Cognitive and Linguistic Sciences - Computer Science Concentration,CLSC 216,PSYC 216,LING 114,CS 111,CS 230,CS 232,CS 220,CS 231,CS 235,CS 251,CS 305,CS 323,CS 332,LING 246,,,,,,,,,,,,,,,,,,,,,,,,,,,,,,,,,,,,,,,,,,,,,,,,,,,,,,,,,,,,,,,,,,,,,,,,,,,,,,,,,,,,,,,,,,,,,,,,,,,,,,,,,,,,,,,,,,,,,,,,,,,,,,,,,,,,,,,,,,,,,,,,,,,,,,,,,,,,,,,,,,,,,,,,,,,,,,,,,,,,,,,,,,,,,,,,,,,,,,,,,,,,,,,,,,,,,,,,,,,,,,,,,,,,,,,,,,,,,,,,,,,,,,,,,,,,,,,,,,,,,,,,,,,,,,,,,,,,,,,,,,,,,,,,,,,,,,,,,,,,,,,,,,,,,,,,,,,,,,,,,,,,,,,,,,,,,,,,,,,,,,,,,,,,,,,,,,,,,,,,,,,,,,,,,,,,,,,,,,,,,,,,,,,,,,,,,,,,,,,,,,,,,,,,
Cognitive and Linguistic Sciences - Linguistics Concentration,LING 114,LING 240,LING 244,LING 238,LING 240,LING 244,LING 246,LING 248,LING 312,LING 315,LING 338,CS 235,EDUC 310,FREN 211,FREN 308,PHIL 207,PHIL 216,PHIL 333,PSYC 216,PSYC 316,KOR 206,KOR 256,,,,,,,,,,,,,,,,,,,,,,,,,,,,,,,,,,,,,,,,,,,,,,,,,,,,,,,,,,,,,,,,,,,,,,,,,,,,,,,,,,,,,,,,,,,,,,,,,,,,,,,,,,,,,,,,,,,,,,,,,,,,,,,,,,,,,,,,,,,,,,,,,,,,,,,,,,,,,,,,,,,,,,,,,,,,,,,,,,,,,,,,,,,,,,,,,,,,,,,,,,,,,,,,,,,,,,,,,,,,,,,,,,,,,,,,,,,,,,,,,,,,,,,,,,,,,,,,,,,,,,,,,,,,,,,,,,,,,,,,,,,,,,,,,,,,,,,,,,,,,,,,,,,,,,,,,,,,,,,,,,,,,,,,,,,,,,,,,,,,,,,,,,,,,,,,,,,,,,,,,,,,,,,,,,,,,,,,,,,,,,,,,,,,,,,,,,,,,,,
Cognitive and Linguistic Sciences - Philosophy Concentration,CLSC 216,PSYC 216,LING 114,PHIL 216,PHIL 207,PHIL 216,PHIL 218,PHIL 221,PHIL 245,PHIL 311,PHIL 323,PHIL 333,PHIL 345,,,,,,,,,,,,,,,,,,,,,,,,,,,,,,,,,,,,,,,,,,,,,,,,,,,,,,,,,,,,,,,,,,,,,,,,,,,,,,,,,,,,,,,,,,,,,,,,,,,,,,,,,,,,,,,,,,,,,,,,,,,,,,,,,,,,,,,,,,,,,,,,,,,,,,,,,,,,,,,,,,,,,,,,,,,,,,,,,,,,,,,,,,,,,,,,,,,,,,,,,,,,,,,,,,,,,,,,,,,,,,,,,,,,,,,,,,,,,,,,,,,,,,,,,,,,,,,,,,,,,,,,,,,,,,,,,,,,,,,,,,,,,,,,,,,,,,,,,,,,,,,,,,,,,,,,,,,,,,,,,,,,,,,,,,,,,,,,,,,,,,,,,,,,,,,,,,,,,,,,,,,,,,,,,,,,,,,,,,,,,,,,,,,,,,,,,,,,,,,,,,,,,,,,,
Cognitive and Linguistic Sciences - Psychology Concentration,CLSC 216,PSYC 216,CLSC 316,PSYC 316,CS 111,CS 112,LING 240,LING 244,PHIL 216,PSYC 205,PSYC 314R,PSYC 315R,CLSC 214,PSYC 215,PSYC 217,PSYC 218,PSYC 219,PSYC 301,PSYC 316,PSUC 318,PSYC 319,PSYC 328,PSYC 345,,,,,,,,,,,,,,,,,,,,,,,,,,,,,,,,,,,,,,,,,,,,,,,,,,,,,,,,,,,,,,,,,,,,,,,,,,,,,,,,,,,,,,,,,,,,,,,,,,,,,,,,,,,,,,,,,,,,,,,,,,,,,,,,,,,,,,,,,,,,,,,,,,,,,,,,,,,,,,,,,,,,,,,,,,,,,,,,,,,,,,,,,,,,,,,,,,,,,,,,,,,,,,,,,,,,,,,,,,,,,,,,,,,,,,,,,,,,,,,,,,,,,,,,,,,,,,,,,,,,,,,,,,,,,,,,,,,,,,,,,,,,,,,,,,,,,,,,,,,,,,,,,,,,,,,,,,,,,,,,,,,,,,,,,,,,,,,,,,,,,,,,,,,,,,,,,,,,,,,,,,,,,,,,,,,,,,,,,,,,,,,,,,,,,,,,,,,,,,,,
Comparative Literary Studies,CLPT 180,CLPT 375,AFR 295,ENG 295,CLCV 210,CLCV 310,ES 238,FREN 234,ITAS 263,MER 263,JPN 251,THST 251,JWST 270,ENG 270,RUSS 251,RUSS 276,,,,,,,,,,,,,,,,,,,,,,,,,,,,,,,,,,,,,,,,,,,,,,,,,,,,,,,,,,,,,,,,,,,,,,,,,,,,,,,,,,,,,,,,,,,,,,,,,,,,,,,,,,,,,,,,,,,,,,,,,,,,,,,,,,,,,,,,,,,,,,,,,,,,,,,,,,,,,,,,,,,,,,,,,,,,,,,,,,,,,,,,,,,,,,,,,,,,,,,,,,,,,,,,,,,,,,,,,,,,,,,,,,,,,,,,,,,,,,,,,,,,,,,,,,,,,,,,,,,,,,,,,,,,,,,,,,,,,,,,,,,,,,,,,,,,,,,,,,,,,,,,,,,,,,,,,,,,,,,,,,,,,,,,,,,,,,,,,,,,,,,,,,,,,,,,,,,,,,,,,,,,,,,,,,,,,,,,,,,,,,,,,,,,,,,,,,,,,,,,,,,,,
Computer Science,CS 111,CS 230,MATH 225,CS 231,CS 235,CS 240,,,,,,,,,,,,,,,,,,,,,,,,,,,,,,,,,,,,,,,,,,,,,,,,,,,,,,,,,,,,,,,,,,,,,,,,,,,,,,,,,,,,,,,,,,,,,,,,,,,,,,,,,,,,,,,,,,,,,,,,,,,,,,,,,,,,,,,,,,,,,,,,,,,,,,,,,,,,,,,,,,,,,,,,,,,,,,,,,,,,,,,,,,,,,,,,,,,,,,,,,,,,,,,,,,,,,,,,,,,,,,,,,,,,,,,,,,,,,,,,,,,,,,,,,,,,,,,,,,,,,,,,,,,,,,,,,,,,,,,,,,,,,,,,,,,,,,,,,,,,,,,,,,,,,,,,,,,,,,,,,,,,,,,,,,,,,,,,,,,,,,,,,,,,,,,,,,,,,,,,,,,,,,,,,,,,,,,,,,,,,,,,,,,,,,,,,,,,,,,,,,,,,,,,,,,,,,,
Data Science,STAT 101,STAT 218,BISC 198,ECON 103,POL 299,PSYC 205,SOC 190,QR 260,STAT 260,STAT 318,CS 111,CS 230,MATH 205,MATH 206,CS 232,CS 234,CS 304,CS 305,CS 315,CS 313,CS 342,CS 343,STAT 220,STAT 221,STAT 228,QR 260,STAT 260,QR 309,STAT 309,STAT 318,ECON 203,,,,,,,,,,,,,,,,,,,,,,,,,,,,,,,,,,,,,,,,,,,,,,,,,,,,,,,,,,,,,,,,,,,,,,,,,,,,,,,,,,,,,,,,,,,,,,,,,,,,,,,,,,,,,,,,,,,,,,,,,,,,,,,,,,,,,,,,,,,,,,,,,,,,,,,,,,,,,,,,,,,,,,,,,,,,,,,,,,,,,,,,,,,,,,,,,,,,,,,,,,,,,,,,,,,,,,,,,,,,,,,,,,,,,,,,,,,,,,,,,,,,,,,,,,,,,,,,,,,,,,,,,,,,,,,,,,,,,,,,,,,,,,,,,,,,,,,,,,,,,,,,,,,,,,,,,,,,,,,,,,,,,,,,,,,,,,,,,,,,,,,,,,,,,,,,,,,,,,,,,,,,,,,,,,,,,,,,,,,,,,,,,,,,,,,,
East Asian Languages and Cultures,EALC 221,CHIN 202,CHIN 301,CHIN 302,CHIN 203,CHIN 204,CHIN 306,EALC 225,EALC 236,EALC 325,EALC 345,JPN 251,THST 251,JPN 252,JPN 280,JPN 290,JPN 308,JPN 309,JPN 314,JPN 352,JPN 356,KOR 206,KOR 209H,KOR 246,LING 246,KOR 256,CHIN 208,CHIN 211,CHIN 220,CHIN 226,CHIN 233,CHIN 239,CAMS 203,CHIN 243,CHIN 244,CHIN 245,CHIN 311,CHIN 320,CHIN 326,CHIN 333,CHIN 338,CHIN 344,CHIN 345,CHIN 381,CHIN 382,CHIN 306,CHIN 311,CHIN 320,CHIN 326,CHIN 333,CHIN 344,CHIN 345,CHIN 381,CHIN 382,EALC 325,EALC 345,JPN 308,JPN 309,JPN 314,JPN 352,JPN 356,,,,,,,,,,,,,,,,,,,,,,,,,,,,,,,,,,,,,,,,,,,,,,,,,,,,,,,,,,,,,,,,,,,,,,,,,,,,,,,,,,,,,,,,,,,,,,,,,,,,,,,,,,,,,,,,,,,,,,,,,,,,,,,,,,,,,,,,,,,,,,,,,,,,,,,,,,,,,,,,,,,,,,,,,,,,,,,,,,,,,,,,,,,,,,,,,,,,,,,,,,,,,,,,,,,,,,,,,,,,,,,,,,,,,,,,,,,,,,,,,,,,,,,,,,,,,,,,,,,,,,,,,,,,,,,,,,,,,,,,,,,,,,,,,,,,,,,,,,,,,,,,,,,,,,,,,,,,,,,,,,,,,,,,,,,,,,,,,,,,,,,,,,,,,,,,,,,,,,,,,,
East Asian Studies,CHIN 201,CHIN 202,CHIN 203,CHIN 204,JPN 201,JPN 202,JPN 231,JPN 232,JPN 308,JPN 309,JPN 356,KOR 201,KOR 202,KOR 206,KOR 209H,KOR 231,KOR 232,KOR 246,LING 246,KOR 309,AMST 212,ARTH 238,ARTH 240,ARTH 248,ARTH 249,ARTH 255,ARTH 337,ARTH 341,ARTH 346,CAMS 203,CHIN 243,CHIN 208,CHIN 211,CHIN 220,CHIN 226,CHIN 233,CHIN 320,CHIN 333,CHIN 239,CHIN 244,CHIN 245,CHIN 311,CHIN 326,CHIN 338,CHIN 344,CHIN 345,CHIN 381,CHIN 382,CPLT 236,EALC 236,EALC 221,EALC 225,EALC 325,EALC 345,JPN 251,THST 251,JPN 252,JPN 280,JPN 290,JPN 308,JPN 314,JPN 352,JPN 356,KOR 206,KOR 246,LING 246,KOR 256,REL 108,REL 253,REL 254,REL 255,REL 257,REL 353,CHIN 338,JPN 314,HIST 269,HIST 274,HIST 277,HIST 278,HIST 280,HIST 395,PEAC 119Y,REL 119Y,POL2 208,POL2 304,,,,,,,,,,,,,,,,,,,,,,,,,,,,,,,,,,,,,,,,,,,,,,,,,,,,,,,,,,,,,,,,,,,,,,,,,,,,,,,,,,,,,,,,,,,,,,,,,,,,,,,,,,,,,,,,,,,,,,,,,,,,,,,,,,,,,,,,,,,,,,,,,,,,,,,,,,,,,,,,,,,,,,,,,,,,,,,,,,,,,,,,,,,,,,,,,,,,,,,,,,,,,,,,,,,,,,,,,,,,,,,,,,,,,,,,,,,,,,,,,,,,,,,,,,,,,,,,,,,,,,,,,,,,,,,,,,,,,,,,,,,,,,,,,,,,,,,,,,,,,,,,,,,,,,,,,,,,,,,,,,,,,,,,,,,,,,,,,,
Economics,ECON 101,ECON 201,ECON 102,ECON 202,ECON 103,ECON 203,ECON 213,ECON 214,ECON 220,ECON 222,PEAC 222,ECON 226,EDUC 226,ECON 228,ES 228,ECON 229,ECON 232,ECON 233,ECON 241,ECON 301,ECON 302,ECON 303,ECON 306,ECON 311,ECON 312,ECON 313,ECON 314,ECON 318,ECON 320,ECON 322,ECON 323,ECON 324,ECON 326,ECON 327,ECON 328,ECON 332,ECON 334,ECON 335,ECON 341,,,,,,,,,,,,,,,,,,,,,,,,,,,,,,,,,,,,,,,,,,,,,,,,,,,,,,,,,,,,,,,,,,,,,,,,,,,,,,,,,,,,,,,,,,,,,,,,,,,,,,,,,,,,,,,,,,,,,,,,,,,,,,,,,,,,,,,,,,,,,,,,,,,,,,,,,,,,,,,,,,,,,,,,,,,,,,,,,,,,,,,,,,,,,,,,,,,,,,,,,,,,,,,,,,,,,,,,,,,,,,,,,,,,,,,,,,,,,,,,,,,,,,,,,,,,,,,,,,,,,,,,,,,,,,,,,,,,,,,,,,,,,,,,,,,,,,,,,,,,,,,,,,,,,,,,,,,,,,,,,,,,,,,,,,,,,,,,,,,,,,,,,,,,,,,,,,,,,,,,,,,,,,,,,,,,,,,,,,,,,,,,
Education Studies,EDUC 214,EDUC 215,EDUC 216,EDUC 330,EDUC 334,EDUC 335,EDUC 339,EDUC 360,EDUC 370,AFR 227,EDUC 227,CHEM 302,EDUC 317,ECON 226,EDUC 226,EDUC 103Y,WGST 102Y,EDUC 117Y,EDUC 200,EDUC 201,EDUC 207,SOC 207,EDUC 212,EDUC 213,EDUC 214,EDUC 215,PEAC 215,EDUC 216,EDUC 217,WGST 217,EDUC 308,SOC 308,EDUC 313,EDUC 321,PEAC 312,SOC 312,EDUC 328,EDUC 332,EDUC 334,EDUC 335,EDUC 339,WRIT 114,EDUC 300,EDUC 303,EDUC 304,EDUC 305,EDUC 310,EDUC 314,EDUC 325,AFR 105,AFR 206,AFR 249,AMST 121,AMST 151,AMST 152,AMST 161,AMST 222,PSYC 222,AMST 225,SOC 225,AMST 246,SOC 246,AMST 251,SOC 251,AMST 264,AMST 281,ENG 297,AMST 290,PEAC 290,AMST 315,ANTH 210,ANTH 231,PEAC 231,CAMS 276,CLSC 216,PSYC 216,CLSC 316,PSYC 316,CS 232,ECON 241,ECON 326,ECON 327,ENGR 305,PEAC 305,HIST 203,HIST 204,HIST 253,LING 114,LING 244,LING 248,LING 312,LING 338,PEAC 104,PEAC 206,POL2 220,POL1 328,POL1 337,POL4 311,POL4 249,POL4 341,PSYC 101,PSYC 207,PSYC 210,PSYC 217,PSYC 245,PSYC 325,PSYC 326,PSYC 333,PSYC 337,PSYC 244,PSYC 345,SOC 205,WGST 211,SOC 209,SOC 311,WGST 311,WGST 108,WGST 221,WGST 224,WGST 326,WRIT 110,,,,,,,,,,,,,,,,,,,,,,,,,,,,,,,,,,,,,,,,,,,,,,,,,,,,,,,,,,,,,,,,,,,,,,,,,,,,,,,,,,,,,,,,,,,,,,,,,,,,,,,,,,,,,,,,,,,,,,,,,,,,,,,,,,,,,,,,,,,,,,,,,,,,,,,,,,,,,,,,,,,,,,,,,,,,,,,,,,,,,,,,,,,,,,,,,,,,,,,,,,,,,,,,,,,,,,,,,,,,,,,,,,,,,,,,,,,,,,,,,,,,,,,,,,,,,,,,,,,,,,,,,,,,,,,,,,,,,,,,,,,,,,,,,,,,,,,,,,,,,,
English,ENG 120,WRIT 120,ENG 121,ENG 223,ENG 224,ENG 111D,ENG 111D,ENG 211,ENG 211,ENG 213,ENG 213,ENG 214,MER 214,ENG 214,MER 214,ENG 221,HIST 221,ENG 221,HIST 221,ENG 222,ENG 222,ENG 227,ENG 227,ENG 234,ENG 234,ENG 241,ENG 245,ENG 272,ENG 311,ENG 311,ENG 314,MER 314,ENG 314,MER 314,ENG 325,ENG 325,ENG 335,ENG 335,ENG 336,ENG 341,ENG 342,ENG 345,ENG 346,ENG 347,ENG 349,ENG 103,ENG 119,ENG 248,ENG 252,ENG 283,ENG 284,ENG 286,ENG 291,ENG 294,AMST 296,ENG 296,ENG 298,ENG 317,ENG 358,ENG 388,PEAC 388,,,,,,,,,,,,,,,,,,,,,,,,,,,,,,,,,,,,,,,,,,,,,,,,,,,,,,,,,,,,,,,,,,,,,,,,,,,,,,,,,,,,,,,,,,,,,,,,,,,,,,,,,,,,,,,,,,,,,,,,,,,,,,,,,,,,,,,,,,,,,,,,,,,,,,,,,,,,,,,,,,,,,,,,,,,,,,,,,,,,,,,,,,,,,,,,,,,,,,,,,,,,,,,,,,,,,,,,,,,,,,,,,,,,,,,,,,,,,,,,,,,,,,,,,,,,,,,,,,,,,,,,,,,,,,,,,,,,,,,,,,,,,,,,,,,,,,,,,,,,,,,,,,,,,,,,,,,,,,,,,,,,,,,,,,,,,,,,,,,,,,,,,,,,,,,,,,,,,,,,,,
English and Creative Writing,ENG 120,WRIT 120,ENG 121,ENG 223,ENG 224,ENG 111D,ENG 111D,ENG 211,ENG 211,ENG 213,ENG 213,ENG 214,MER 214,ENG 214,MER 214,ENG 221,HIST 221,ENG 221,HIST 221,ENG 222,ENG 222,ENG 227,ENG 227,ENG 234,ENG 234,ENG 241,ENG 245,ENG 272,ENG 311,ENG 311,ENG 314,MER 314,ENG 314,MER 314,ENG 325,ENG 325,ENG 335,ENG 335,ENG 336,ENG 341,ENG 342,ENG 345,ENG 346,ENG 347,ENG 349,ENG 103,ENG 119,ENG 248,ENG 252,ENG 283,ENG 284,ENG 286,ENG 291,ENG 294,AMST 296,ENG 296,ENG 298,ENG 317,ENG 358,ENG 388,PEAC 388,ENG 202,ENG 302,ENG 203,ENG 301,ENG 205,ENG 204,CAMS 204,ENG 208,CAMS 208,ENG 206,THST 221,,,,,,,,,,,,,,,,,,,,,,,,,,,,,,,,,,,,,,,,,,,,,,,,,,,,,,,,,,,,,,,,,,,,,,,,,,,,,,,,,,,,,,,,,,,,,,,,,,,,,,,,,,,,,,,,,,,,,,,,,,,,,,,,,,,,,,,,,,,,,,,,,,,,,,,,,,,,,,,,,,,,,,,,,,,,,,,,,,,,,,,,,,,,,,,,,,,,,,,,,,,,,,,,,,,,,,,,,,,,,,,,,,,,,,,,,,,,,,,,,,,,,,,,,,,,,,,,,,,,,,,,,,,,,,,,,,,,,,,,,,,,,,,,,,,,,,,,,,,,,,,,,,,,,,,,,,,,,,,,,,,,,,,,,,,,,,,,,,,,,,,,,,,,,,,
Environmental Studies,ES 102,ES 214,ES 100,ES 101,BISC 108,BISC 111,BISC 113,CHEM 103,GEOS 101,ES 105,PHIL 105,ES 233,PHIL 233,ES 234,PHIL 234,AFR 226,ES 299,HIST 299,ES 238,CPLT 238,ES 267,ARTH 267,ES 300,ES 398,ES 399,AFR 226,ARTH 266,ARTH 317,ASTR 223,GEOS 223,BISC 108,BISC 111,BISC 111,BISC 113,BISC 113,BISC 116,CHEM 116,BISC 116,CHEM 116,BISC 198,BISC 201,BISC 201,BISC 202,BISC 202,BISC 204,BISC 204,BISC 209,BISC 209,BISC 210,BISC 210,BISC 310,BISC 314,CHEM 103,CHEM 105,CHEM 105,ECON 328,EXTD 123,EXTD 128,FREN 300,GEOS 101,GEOS 101,GEOS 102,GEOS 102,GEOS 208,GEOS 215,GEOS 230,GEOS 304,GEOS 304,GEOS 315,GEOS 315,GEOS 320,HIST 320,PHIL 338,POL4 311,QR 260,STAT 260,STAT 160,SUST 201,SUST 301,WGST 302,WRIT 162,WRIT 171,,,,,,,,,,,,,,,,,,,,,,,,,,,,,,,,,,,,,,,,,,,,,,,,,,,,,,,,,,,,,,,,,,,,,,,,,,,,,,,,,,,,,,,,,,,,,,,,,,,,,,,,,,,,,,,,,,,,,,,,,,,,,,,,,,,,,,,,,,,,,,,,,,,,,,,,,,,,,,,,,,,,,,,,,,,,,,,,,,,,,,,,,,,,,,,,,,,,,,,,,,,,,,,,,,,,,,,,,,,,,,,,,,,,,,,,,,,,,,,,,,,,,,,,,,,,,,,,,,,,,,,,,,,,,,,,,,,,,,,,,,,,,,,,,,,,,,,,,,,,,,,,,,,,,,,,,,,,,,,,,,,,,,,,,,,,,,,,,,,,,
French and Francophone Studies,FREN 210,FREN 211,FREN 212,FREN 202,FREN 205,FREN 206,FREN 211,FREN 226,FREN 207,FREN 220,FREN 222,FREN 225,FREN 227,FREN 229,FREN 230,FREN 232,FREN 233,FREN 237,FREN 300,FREN 305,FREN 314,FREN 322,FREN 323,FREN 324,FREN 332,FREN 208,FREN 209,FREN 213,FREN 214,FREN 217,FREN 221,FREN 224,FREN 228,FREN 235,FREN 237,FREN 241,FREN 278,FREN 302,FREN 303,FREN 305,FREN 306,FREN 307,FREN 308,FREN 313,FREN 315,FREN 317,FREN 319,FREN 330,FREN 333,FREN 356,,,,,,,,,,,,,,,,,,,,,,,,,,,,,,,,,,,,,,,,,,,,,,,,,,,,,,,,,,,,,,,,,,,,,,,,,,,,,,,,,,,,,,,,,,,,,,,,,,,,,,,,,,,,,,,,,,,,,,,,,,,,,,,,,,,,,,,,,,,,,,,,,,,,,,,,,,,,,,,,,,,,,,,,,,,,,,,,,,,,,,,,,,,,,,,,,,,,,,,,,,,,,,,,,,,,,,,,,,,,,,,,,,,,,,,,,,,,,,,,,,,,,,,,,,,,,,,,,,,,,,,,,,,,,,,,,,,,,,,,,,,,,,,,,,,,,,,,,,,,,,,,,,,,,,,,,,,,,,,,,,,,,,,,,,,,,,,,,,,,,,,,,,,,,,,,,,,,,,,,,,,,,,,,,,,
French Cultural Studies,FREN 210,FREN 211,FREN 212,FREN 207,FREN 202,FREN 205,FREN 206,FREN 211,FREN 226,FREN 207,FREN 220,FREN 222,FREN 225,FREN 227,FREN 229,FREN 230,FREN 232,FREN 233,FREN 237,FREN 300,FREN 305,FREN 314,FREN 322,FREN 323,FREN 324,FREN 332,FREN 208,FREN 209,FREN 213,FREN 214,FREN 217,FREN 221,FREN 224,FREN 228,FREN 235,FREN 237,FREN 241,FREN 278,FREN 302,FREN 303,FREN 305,FREN 306,FREN 307,FREN 308,FREN 313,FREN 315,FREN 317,FREN 319,FREN 330,FREN 333,FREN 356,,,,,,,,,,,,,,,,,,,,,,,,,,,,,,,,,,,,,,,,,,,,,,,,,,,,,,,,,,,,,,,,,,,,,,,,,,,,,,,,,,,,,,,,,,,,,,,,,,,,,,,,,,,,,,,,,,,,,,,,,,,,,,,,,,,,,,,,,,,,,,,,,,,,,,,,,,,,,,,,,,,,,,,,,,,,,,,,,,,,,,,,,,,,,,,,,,,,,,,,,,,,,,,,,,,,,,,,,,,,,,,,,,,,,,,,,,,,,,,,,,,,,,,,,,,,,,,,,,,,,,,,,,,,,,,,,,,,,,,,,,,,,,,,,,,,,,,,,,,,,,,,,,,,,,,,,,,,,,,,,,,,,,,,,,,,,,,,,,,,,,,,,,,,,,,,,,,,,,,,,,,,,,,,,,
Geosciences,GEOS 101,GEOS 102,GEOS 200,GEOS 203,GEOS 201,ES 201,GEOS 208,GEOS 210,GEOS 218,GEOS 220,GEOS 223,ASTR 223,GEOS 304,ASTR 303,GEOS 313,GEOS 315,GEOS 316,GEOS 317,GEOS 318,GEOS 320,GEOS 350,GEOS 350G,GEOS 360,GEOS 370,,,,,,,,,,,,,,,,,,,,,,,,,,,,,,,,,,,,,,,,,,,,,,,,,,,,,,,,,,,,,,,,,,,,,,,,,,,,,,,,,,,,,,,,,,,,,,,,,,,,,,,,,,,,,,,,,,,,,,,,,,,,,,,,,,,,,,,,,,,,,,,,,,,,,,,,,,,,,,,,,,,,,,,,,,,,,,,,,,,,,,,,,,,,,,,,,,,,,,,,,,,,,,,,,,,,,,,,,,,,,,,,,,,,,,,,,,,,,,,,,,,,,,,,,,,,,,,,,,,,,,,,,,,,,,,,,,,,,,,,,,,,,,,,,,,,,,,,,,,,,,,,,,,,,,,,,,,,,,,,,,,,,,,,,,,,,,,,,,,,,,,,,,,,,,,,,,,,,,,,,,,,,,,,,,,,,,,,,,,,,,,,,,,,,,,,,,,,,,,
German Studies,GER 201,GER 202,GER 202W,GER 225,GER 231,GER 234,GER 236,GER 238,GER 239,GER 250,GER 250H,GER 258,GER 325,GER 329,GER 338,GER 350,GER 350H,GER 360,GER 370,GER 385,GER 386,GER 387,GER 388,GER 389,GER 229,CAMS 286,GER 286,,,,,,,,,,,,,,,,,,,,,,,,,,,,,,,,,,,,,,,,,,,,,,,,,,,,,,,,,,,,,,,,,,,,,,,,,,,,,,,,,,,,,,,,,,,,,,,,,,,,,,,,,,,,,,,,,,,,,,,,,,,,,,,,,,,,,,,,,,,,,,,,,,,,,,,,,,,,,,,,,,,,,,,,,,,,,,,,,,,,,,,,,,,,,,,,,,,,,,,,,,,,,,,,,,,,,,,,,,,,,,,,,,,,,,,,,,,,,,,,,,,,,,,,,,,,,,,,,,,,,,,,,,,,,,,,,,,,,,,,,,,,,,,,,,,,,,,,,,,,,,,,,,,,,,,,,,,,,,,,,,,,,,,,,,,,,,,,,,,,,,,,,,,,,,,,,,,,,,,,,,,,,,,,,,,,,,,,,,,,,,,,,,,,,,,,,,,
Mathematics,MATH 115,MATH 115Z,MATH 116,MATH 120,MATH 205,PHYS 216,MATH 206,MATH 302,MATH 305,,,STAT 218,STAT 220,STAT 221,STAT 228,STAT 260,STAT 318,,,,,,,,,,,,,,,,,,,,,,,,,,,,,,,,,,,,,,,,,,,,,,,,,,,,,,,,,,,,,,,,,,,,,,,,,,,,,,,,,,,,,,,,,,,,,,,,,,,,,,,,,,,,,,,,,,,,,,,,,,,,,,,,,,,,,,,,,,,,,,,,,,,,,,,,,,,,,,,,,,,,,,,,,,,,,,,,,,,,,,,,,,,,,,,,,,,,,,,,,,,,,,,,,,,,,,,,,,,,,,,,,,,,,,,,,,,,,,,,,,,,,,,,,,,,,,,,,,,,,,,,,,,,,,,,,,,,,,,,,,,,,,,,,,,,,,,,,,,,,,,,,,,,,,,,,,,,,,,,,,,,,,,,,,,,,,,,,,,,,,,,,,,,,,,,,,,,,,,,,,,,,,,,,,,,,,,,,,,,,,,,,,,,,,,,,,,,,,,,,,,,
Physics - entering after Fall 2018,PHYS 100,PHYS 107,PHYS 108,PHYS 120,PHYS 205,PHYS 207,PHYS 208,PHYS 210,PHYS 302,,,MATH 115,MATH 116,MATH 205,MATH 215,,,,,,,,,,,,,,,,,,,,,,,,,,,,,,,,,,,,,,,,,,,,,,,,,,,,,,,,,,,,,,,,,,,,,,,,,,,,,,,,,,,,,,,,,,,,,,,,,,,,,,,,,,,,,,,,,,,,,,,,,,,,,,,,,,,,,,,,,,,,,,,,,,,,,,,,,,,,,,,,,,,,,,,,,,,,,,,,,,,,,,,,,,,,,,,,,,,,,,,,,,,,,,,,,,,,,,,,,,,,,,,,,,,,,,,,,,,,,,,,,,,,,,,,,,,,,,,,,,,,,,,,,,,,,,,,,,,,,,,,,,,,,,,,,,,,,,,,,,,,,,,,,,,,,,,,,,,,,,,,,,,,,,,,,,,,,,,,,,,,,,,,,,,,,,,,,,,,,,,,,,,,,,,,,,,,,,,,,,,,,,,,,,,,,,,,,,,,,,,,,,,,,,
Studio Art - students entering before Fall 2021,ARTH 100,CAMS 101,ARTS 105,ARTS 106,ARTS 108,CAMS 138,ARTS 109,ARTS 110,ARTS 111,ARTS 112,ARTS 113,ARTS 115,WRIT 115,ARTS 165,CAMS 135,,,,,,,ARTS 317H,ARTS 318H,,,,,,,,,,,,,,,,,,,,,,,,,,,,,,,,,,,,,,,,,,,,,,,,,,,,,,,,,,,,,,,,,,,,,,,,,,,,,,,,,,,,,,,,,,,,,,,,,,,,,,,,,,,,,,,,,,,,,,,,,,,,,,,,,,,,,,,,,,,,,,,,,,,,,,,,,,,,,,,,,,,,,,,,,,,,,,,,,,,,,,,,,,,,,,,,,,,,,,,,,,,,,,,,,,,,,,,,,,,,,,,,,,,,,,,,,,,,,,,,,,,,,,,,,,,,,,,,,,,,,,,,,,,,,,,,,,,,,,,,,,,,,,,,,,,,,,,,,,,,,,,,,,,,,,,,,,,,,,,,,,,,,,,,,,,,,,,,,,,,,,,,,,,,,,,,,,,,,,,,,,,,,,,,,,,,,,,,,,,,,,,,,,,,,,,,,,,,,,,,
History,HIST 114Y,HIST 116Y,HIST 200,HIST 201,HIST 203,HIST 204,HIST 205,HIST 207,HIST 208,HIST 211,HIST 212,HIST 213,HIST 214,HIST 215,HIST 218,HIST 220,HIST 221,ENG 221,HIST 222,HIST 228,HIST 229,HIST 230,HIST 231,HIST 232,HIST 233,HIST 234,HIST 240,HIST 242,HIST 243,HIST 244,HIST 245,HIST 247,HIST 246,HIST 248,HIST 249,HIST 250,HIST 250H,HIST 252,HIST 253,HIST 254,HIST 256,HIST 260,HIST 261,HIST 262,HIST 263,PEAC 224,HIST 264,HIST 265,HIST 266,SAS 266,HIST 267,HIST 268,HIST 270,HIST 272,HIST 273,HIST 275,HIST 276,HIST 277,HIST 278,HIST 279,HIST 280,HIST 284,HIST 285,REL 266,HIST 293,MES 293,HIST 299,HIST 302,HIST 311,HIST 312,HIST 314,HIST 319,HIST 320,HIST 321,HIST 325,HIST 329,HIST 330,HIST 334,HIST 340,HIST 341,HIST 350,HIST 350H,HIST 352,HIST 354,HIST 358,HIST 359,HIST 360,HIST 364,MES 364,HIST 365,HIST 366,MES 366,HIST 367,SAS 367,HIST 369,MES 369,HIST 370,HIST 375,HIST 376,HIST 377,HIST 379,HIST 383,HIST 395,,,,,,,,,,,,,,,,,,,,,,,,,,,,,,,,,,,,,,,,,,,,,,,,,,,,,,,,,,,,,,,,,,,,,,,,,,,,,,,,,,,,,,,,,,,,,,,,,,,,,,,,,,,,,,,,,,,,,,,,,,,,,,,,,,,,,,,,,,,,,,,,,,,,,,,,,,,,,,,,,,,,,,,,,,,,,,,,,,,,,,,,,,,,,,,,,,,,,,,,,,,,,,,,,,,,,,,,,,,,,,,,,,,,,,,,,,,,,,,,,,,,,,,,,,,,,,,,,,,,,,,,,,,,,,,,,,,,,,,,,,,,,,,,,,,,,,,,,,,,,,,,,,,,,,,,,,,,,,,,
International Relations - Economics,ECON 101,ECON 102,HIST 205,POL3 221,ECON 213,ECON 214,ECON 220,ECON 103,SOC 190,ECON 201,ECON 202,ECON 203,ECON 311,ECON 312,ECON 313,ECON 314,ECON 320,ECON 328,HIST 205,HIST 207,HIST 208,HIST 211,LAST 211,HIST 212,HIST 213,HIST 214,HIST 215,HIST 218,ENG 221,HIST 221,HIST 222,HIST 228,HIST 229,HIST 230,HIST 231,HIST 232,HIST 233,HIST 234,HIST 240,HIST 242,HIST 243,HIST 246,HIST 247,HIST 248,HIST 263,PEAC 224,HIST 264,HIST 265,HIST 266,SAS 266,HIST 268,HIST 270,HIST 272,HIST 273,HIST 275,HIST 276,HIST 277,HIST 278,HIST 279,HIST 280,HIST 284,HIST 285,REL 266,HIST 293,MER 293,HIST 302,HIST 325,HIST 329,HIST 330,HIST 334,HIST 352,HIST 354,HIST 358,HIST 359,HIST 364,MES 364,HIST 365,HIST 366,MES 366,HIST 367,SAS 367,HIST 369,MES 369,HIST 375,HIST 376,HIST 377,HIST 379,HIST 383,HIST 395,POL1 300,POL1 317,POL1 328,POL1 333,ES 381,POL1 381,POL2 304,POL2 310,ES 312,POL2 312,MES 358,PEAC 358,POL2 359,POL2 364,AFR 304,POL3 302,ES 325,POL3 325,POL3 351,POL3 354,PEAC 357,POL3 357,POL3 369,POL3 371,POL3 378,POL3 387,POL4 311,POL4 345,AFR 209,AFR 210,AFR 236,AFR 239,AFR 243,PEAC 243,AFR 245,POL3 245,AFR 256,PORT 256,AFR 271,CAMS 271,AFR 295,ENG 295,AFR 299,AFR 303,AFR 312,AFR 341,AFR 380,AFR 390,ANTH 215,CLCV 215,ANTH 217,ANTH 219,ANTH 237,SAS 237,ANTH 245,LAST 245,ANTH 249,ANTH 346,HIST 114Y,HIST 200,HIST 201,HIST 203,HIST 204,HIST 207,LAST 207,HIST 208,HIST 211,LAST 211,HIST 212,HIST 213,HIST 214,HIST 215,HIST 220,ENG 221,HIST 221,HIST 229,HIST 230,HIST 231,HIST 232,HIST 234,HIST 240,HIST 242,HIST 243,HIST 244,HIST 245,HIST 247,HIST 248,HIST 249,HIST 252,HIST 253,HIST 254,HIST 256,HIST 260,HIST 261,PEAC 261,HIST 262,HIST 263,PEAC 224,HIST 264,HIST 265,HIST 266,SAS 266,HIST 267,HIST 268,HIST 272,HIST 273,HIST 275,HIST 276,HIST 277,HIST 278,HIST 280,HIST 284,HIST 285,REL 266,HIST 293,MES 293,ES 299,HIST 299,HIST 302,HIST 311,HIST 312,HIST 314,HIST 319,HIST 320,HIST 321,HIST 330,HIST 334,HIST 340,HIST 341,HIST 358,HIST 359,HIST 364,MES 364,HIST 365,HIST 366,MES 366,HIST 367,SAS 367,HIST 369,MES 369,HIST 375,HIST 376,HIST 377,HIST 379,HIST 383,HIST 395,POL 105,POL 105Y,POL 109Y,POL 121,POL 230,POL1 200,POL1 210,POL1 215,POL1 247,POL1 300,POL1 317,POL1 328,POL1 333,POL1 337,POL1 381,ES 381,POL2 207,LAST 217,POL2 208,POL2 211,POL2 217,PEAC 217,POL2 231,AFR 236,POL2 304,POL2 306,POL2 359,PEAC 358,MES 358,POL2 362,POL2 364,POL2 368,POL3 203H,POL3 221,POL3 223,POL3 224,POL3 227,POL3 232,PEAC 221,POL3 245,AFR 245,POL3 251,POL3 302,AFR 304,POL3 315,POL3 325,ES 325,POL3 326,POL3 338,POL3 339,POL3 351,POL3 352,POL3 354,POL3 357,PEAC 357,POL3 369,POL3 371,POL3 378,POL3 379,POL3 387,POL4 318,PEAC 318,POL4 341,POL4 345,POL4 349,SOC 103,SOC 202,SOC 205,WGST 211,SOC 206,SOC 207,EDUC 207,PEAC 207,SOC 208,SOC 209,PEAC 219,SOC 210,SOC 212,SOC 213,SOC 220,AMST 220,SOC 225,AMST 225,SOC 226,SOC 232,SAS 232,SOC 241,AMST 241,SOC 246,AMST 246,SOC 251,AMST 251,SOC 260,SOC 302,SOC 304,SOC 306,WGST 306,SOC 308,EDUC 308,SOC 309,SOC 310,AFR 310,SOC 311,WGST 311,SOC 312,PEAC 312,EDUC 321,SOC 315,SOC 317,SOC 318,SOC 320,SOC 322,WGST 322,SOC 334,SOC 348,AMST 348,WGST 108,WGST 121,WGST 214,WGST 215,WGST 216,WGST 217,EDUC 217,WGST 218,WGST 219,WGST 220,WGST 221,PEAC 201,WGST 222,WGST 225,WGST 226,WGST 230,WGST 240,PEAC 240,WGST 255,WGST 274,AMST 274,WGST 296,WGST 302,WGST 305,WGST 306,SOC 306,WGST 307,WGST 310,WGST 311,SOC 311,WGST 314,WGST 322,SOC 322,WGST 325,WGST 326,WGST 328,ES 328,WGST 341,,,,,,,,,,,,,,,,,,,,,,,,,,,,,,,,,,
International Relations - History,ECON 101,ECON 102,HIST 205,POL3 221,ECON 213,ECON 214,ECON 220,HIST 200,HIST 203,HIST 208,HIST 211,LAST 211,HIST 213,HIST 214,HIST 221,ENG 221,HIST 222,HIST 229,HIST 230,HIST 231,HIST 232,HIST 233,HIST 234,HIST 246,HIST 247,HIST 256,HIST 260,HIST 261,PEAC 261,HIST 262,HIST 264,HIST 268,HIST 279,HIST 285,REL 266,HIST 311,HIST 319,HIST 325,HIST 329,HIST 330,HIST 354,HIST 358,HIST 375,HIST 379,HIST 204,HIST 207,LAST 207,HIST 215,HIST 218,HIST 220,HIST 240,HIST 242,HIST 243,HIST 244,HIST 245,HIST 248,HIST 249,HIST 252,HIST 254,HIST 263,PEAC 224,HIST 265,HIST 272,HIST 273,HIST 275,HIST 276,HIST 277,HIST 278,HIST 280,HIST 284,HIST 293,MES 293,HIST 299,ES 299,HIST 302,HIST 312,HIST 314,HIST 320,HIST 321,HIST 340,HIST 341,HIST 364,MES 364,HIST 365,HIST 366,MES 366,HIST 376,HIST 377,HIST 383,HIST 395,AFR 201,ENG 260,AFR 206,AFR 209,AFR 210,AFR 211,AFR 212,ENG 279,AFR 215,AFR 225,PSYC 255,AFR 227,EDUC 227,AFR 228,PHIL 228,AFR 236,POL1 231,AFR 239,AFR 242,REL 214,AFR 243,PEAC 243,AFR 245,POL3 245,AFR 249,AFR 256,PORT 256,AFR 264,ARTH 264,AFR 265,ENG 265,AFR 271,CAMS 271,AFR 292,ARTH 292,AFR 295,ENG 295,AFR 299,AFR 303,AFR 304,POL3 302,AFR 306,AFR 310,SOC 310,AFR 312,AFR 316,ARTH 316,AFR 319,PHIL 319,AFR 330,AFR 341,AFR 350,AFR 350H,AFR 360,AFR 370,AFR 380,AFR 390,ANTH 205,ANTH 207,ANTH 209,ANTH 210,ANTH 214,ANTH 215,ANTH 217,ANTH 219,ANTH 220,PEAC 220,ANTH 222,ANTH 227,ANTH 231,PEAC 231,ANTH 232,CAMS 232,ANTH 233,REL 233,ANTH 235,MUS 245,ANTH 236,REL 236,ANTH 237,SAS 237,ANTH 238,ANTH 243,ANTH 245,LAST 245,ANTH 234,MAS 246,ANTH 249,ANTH 250,ANTH 250GH,ANTH 250H,ANTH 251,ANTH 252,ANTH 262,ANTH 265,ES 265,ANTH 274,BISC 274,ANTH 277,WRIT 277,ANTH 278,ANTH 281,ANTH 299,ANTH 301,ANTH 302,ANTH 305,CAMS 305,ANTH 314,ANTH 319,ANTH 321,ANTH 333,ANTH 341,ANTH 345,ANTH 346,ANTH 350,ANTH 350H,ANTH 360,ANTH 370,ECON 201,ECON 202,ECON 203,ECON 213,ECON 214,ECON 220,ECON 222,PEAC 222,ECON 226,EDUC 226,ECON 228,ES 228,ECON 229,ECON 232,ECON 233,ECON 241,ECON 250,ECON 250H,ECON 251H,ECON 301,ECON 302,ECON 303,ECON 306,ECON 311,ECON 312,ECON 313,ECON 314,ECON 318,ECON 320,ECON 322,ECON 323,ECON 324,ECON 326,ECON 327,ECON 328,ECON 332,ECON 334,ECON 334,ECON 335,ECON 341,ECON 350,ECON 360,ECON 370,SOC 200,SOC 201,SOC 202,SOC 204,SOC 205,SOC 206,SOC 207,EDUC 207,PEAC 207,SOC 208,SOC 209,PEAC 209,SOC 210,SOC 211,SOC 212,SOC 213,SOC 214,SOC 220,AMST 220,SOC 225,AMST 225,SOC 226,SOC 232,SAS 232,SOC 241,AMST 241,SOC 246,AMST 246,SOC 250,SOC 251,AMST 251,SOC 252,SOC 260,SOC 290,SOC 302,SOC 304,SOC 306,WGST 306,SOC 308,EDUC 308,SOC 309,SOC 310,AFR 310,SOC 311,WGST 311,SOC 312,PEAC 312,EDUC 321,SOC 314,SOC 315,SOC 317,SOC 318,SOC 320,SOC 322,WGST 322,SOC 334,SOC 348,AMST 348,SOC 350,SOC 350H,SOC 360,SOC 370,WGST 205,WGST 214,WGST 215,WGST 216,WGST 217,EDUC 217,WGST 218,WGST 219,WGST 220,WGST 221,WGST 222,WGST 223,WGST 224,WGST 225,WGST 226,WGST 230,WGST 240,WGST 245,WGST 249,WGST 250,WGST 250H,WGST 255,WGST 274,AMST 274,WGST 296,WGST 302,WGST 305,WGST 307,WGST 310,WGST 311,WGST 313,WGST 314,WGST 320,WGST 322,WGST 325,WGST 326,WGST 328,ES 328,WGST 341,WGST 350,WGST 350H,WGST 360,WGST 370,POL 230,POL 299,POL1 200,POL1 210,POL1 215,POL1 247,POL1 300,POL1 317,POL1 328,POL1 329,POL1 333,POL1 337,POL1 381,ES 381,POL2 202,POL2 204,POL2 207,LAST 217,POL2 208,POL2 211,POL2 214,ES 214,POL2 217,PEAC 217,POL2 220,PEAC 206,POL2 213,AFR 236,POL2 301,PEAC 304,POL2 304,POL2 306,POL2 310,POL2 312,ES 312,POL2 359,PEAC 358,MES 358,POL2 362,POL2 364,POL2 368,POL3 203H,POL3 209H,POL3 221,POL3 223,POL3 224,POL3 227,POL3 232,POL3 236,PEAC 205,POL3 251,POL3 315,POL3 325,ES 325,POL3 326,POL3 338,POL3 339,POL3 351,POL3 352,POL3 354,POL3 357,PEAC 357,POL3 369,POL3 371,POL3 378,POL3 379,POL3 387,POL4 201,POL4 216,POL4 243,POL4 249,POL4 311,POL4 318,POL4 341,POL4 345,POL4 349,,,,,,,,,,,,,,,,,,,,,,,,,,,,,,,,,
International Relations - Political Science,ECON 101,ECON 102,HIST 205,POL3 221,ECON 213,ECON 214,ECON 220,AFR 201,ENG 260,AFR 206,AFR 209,AFR 210,AFR 211,AFR 212,ENG 279,AFR 215,AFR 225,PSYC 255,AFR 227,EDUC 227,AFR 228,PHIL 228,AFR 236,POL1 231,AFR 239,AFR 242,REL 214,AFR 243,PEAC 243,AFR 245,POL3 245,AFR 249,AFR 256,PORT 256,AFR 264,ARTH 264,AFR 265,ENG 265,AFR 271,CAMS 271,AFR 292,ARTH 292,AFR 295,ENG 295,AFR 299,AFR 303,AFR 304,POL3 302,AFR 306,AFR 310,SOC 310,AFR 312,AFR 316,ARTH 316,AFR 319,PHIL 319,AFR 330,AFR 341,AFR 350,AFR 350H,AFR 360,AFR 370,AFR 380,AFR 390,ANTH 205,ANTH 207,ANTH 209,ANTH 210,ANTH 214,ANTH 215,ANTH 217,ANTH 219,ANTH 220,PEAC 220,ANTH 222,ANTH 227,ANTH 231,PEAC 231,ANTH 232,CAMS 232,ANTH 233,REL 233,ANTH 235,MUS 245,ANTH 236,REL 236,ANTH 237,SAS 237,ANTH 238,ANTH 243,ANTH 245,LAST 245,ANTH 234,MAS 246,ANTH 249,ANTH 250,ANTH 250GH,ANTH 250H,ANTH 251,ANTH 252,ANTH 262,ANTH 265,ES 265,ANTH 274,BISC 274,ANTH 277,WRIT 277,ANTH 278,ANTH 281,ANTH 299,ANTH 301,ANTH 302,ANTH 305,CAMS 305,ANTH 314,ANTH 319,ANTH 321,ANTH 333,ANTH 341,ANTH 345,ANTH 346,ANTH 350,ANTH 350H,ANTH 360,ANTH 370,ECON 201,ECON 202,ECON 203,ECON 213,ECON 214,ECON 220,ECON 222,PEAC 222,ECON 226,EDUC 226,ECON 228,ES 228,ECON 229,ECON 232,ECON 233,ECON 241,ECON 250,ECON 250H,ECON 251H,ECON 301,ECON 302,ECON 303,ECON 306,ECON 311,ECON 312,ECON 313,ECON 314,ECON 318,ECON 320,ECON 322,ECON 323,ECON 324,ECON 326,ECON 327,ECON 328,ECON 332,ECON 334,ECON 334,ECON 335,ECON 341,ECON 350,ECON 360,ECON 370,SOC 200,SOC 201,SOC 202,SOC 204,SOC 205,SOC 206,SOC 207,EDUC 207,PEAC 207,SOC 208,SOC 209,PEAC 209,SOC 210,SOC 211,SOC 212,SOC 213,SOC 214,SOC 220,AMST 220,SOC 225,AMST 225,SOC 226,SOC 232,SAS 232,SOC 241,AMST 241,SOC 246,AMST 246,SOC 250,SOC 251,AMST 251,SOC 252,SOC 260,SOC 290,SOC 302,SOC 304,SOC 306,WGST 306,SOC 308,EDUC 308,SOC 309,SOC 310,AFR 310,SOC 311,WGST 311,SOC 312,PEAC 312,EDUC 321,SOC 314,SOC 315,SOC 317,SOC 318,SOC 320,SOC 322,WGST 322,SOC 334,SOC 348,AMST 348,SOC 350,SOC 350H,SOC 360,SOC 370,WGST 205,WGST 214,WGST 215,WGST 216,WGST 217,EDUC 217,WGST 218,WGST 219,WGST 220,WGST 221,WGST 222,WGST 223,WGST 224,WGST 225,WGST 226,WGST 230,WGST 240,WGST 245,WGST 249,WGST 250,WGST 250H,WGST 255,WGST 274,AMST 274,WGST 296,WGST 302,WGST 305,WGST 307,WGST 310,WGST 311,WGST 313,WGST 314,WGST 320,WGST 322,WGST 325,WGST 326,WGST 328,ES 328,WGST 341,WGST 350,WGST 350H,WGST 360,WGST 370,HIST 200,HIST 201,HIST 203,HIST 204,HIST 205,HIST 207,LAST 207,HIST 208,HIST 211,LAST 211,HIST 212,HIST 213,HIST 214,HIST 215,HIST 218,HIST 220,HIST 221,ENG 221,HIST 222,HIST 228,HIST 229,HIST 230,HIST 231,HIST 232,HIST 233,HIST 234,HIST 240,HIST 242,HIST 243,HIST 244,HIST 245,HIST 246,HIST 247,HIST 248,HIST 249,HIST 250,HIST 250H,HIST 252,HIST 253,HIST 254,HIST 256,HIST 260,HIST 261,PEAC 261,HIST 262,HIST 263,PEAC 224,HIST 264,HIST 265,HIST 266,SAS 266,HIST 267,HIST 268,HIST 270,HIST 272,HIST 273,HIST 275,HIST 276,HIST 277,HIST 278,HIST 279,HIST 280,HIST 284,HIST 285,REL 266,HIST 293,MES 293,HIST 299,ES 299,HIST 302,HIST 311,HIST 312,HIST 314,HIST 319,HIST 320,HIST 321,HIST 325,HIST 329,HIST 330,HIST 334,HIST 340,HIST 341,HIST 350,HIST 350H,HIST 352,HIST 354,HIST 358,HIST 359,HIST 360,HIST 364,HIST 365,HIST 366,MES 366,HIST 367,SAS 367,HIST 369,MES 369,HIST 370,HIST 375,HIST 376,HIST 377,HIST 379,HIST 383,HIST 395,,,,,,,,,,,,,,,,,,,,,,,,,,,,,,,,,,,,,,,,,,,,,,,,,,,,,,,,,,,,,,,,,,,,,,,,,,,,,,
Italian Studies,,,,,,,,,,,,,,,,,,,,,,,,,,,,,,,,,,,,,,,,,,,,,,,,,,,,,,,,,,,,,,,,,,,,,,,,,,,,,,,,,,,,,,,,,,,,,,,,,,,,,,,,,,,,,,,,,,,,,,,,,,,,,,,,,,,,,,,,,,,,,,,,,,,,,,,,,,,,,,,,,,,,,,,,,,,,,,,,,,,,,,,,,,,,,,,,,,,,,,,,,,,,,,,,,,,,,,,,,,,,,,,,,,,,,,,,,,,,,,,,,,,,,,,,,,,,,,,,,,,,,,,,,,,,,,,,,,,,,,,,,,,,,,,,,,,,,,,,,,,,,,,,,,,,,,,,,,,,,,,,,,,,,,,,,,,,,,,,,,,,,,,,,,,,,,,,,,,,,,,,,,,,,,,,,,,,,,,,,,,,,,,,,,,,
Jewish Studies,JWST 102,REL 102,AMST 241,SOC 241,AMST 251,SOC 251,AMST 258,ENG 258,CLCV 240,REL 240,ECON 311,ENG 272,FREN 232,HIST 201,HIST 213,HIST 2422,HIST 243,HIST 245,HIST 254,HIST 284,HIST 285,REL 266,HIST 302,HIST 364,MES 364,HIST 366,MES 366,HIST 369,MES 369,MES 264,REL 264,MES 265,REL 265,MES 358,PEAC 358,POL2 359,MER 248,SPAN 248,MUS 300,REL 105,REL 111Y,REL 242,REL 243,REL 244,REL 342,REL 345,SPAN 252,THST 200,,,,,,,,,,,,,,,,,,,,,,,,,,,,,,,,,,,,,,,,,,,,,,,,,,,,,,,,,,,,,,,,,,,,,,,,,,,,,,,,,,,,,,,,,,,,,,,,,,,,,,,,,,,,,,,,,,,,,,,,,,,,,,,,,,,,,,,,,,,,,,,,,,,,,,,,,,,,,,,,,,,,,,,,,,,,,,,,,,,,,,,,,,,,,,,,,,,,,,,,,,,,,,,,,,,,,,,,,,,,,,,,,,,,,,,,,,,,,,,,,,,,,,,,,,,,,,,,,,,,,,,,,,,,,,,,,,,,,,,,,,,,,,,,,,,,,,,,,,,,,,,,,,,,,,,,,,,,,,,,,,,,,,,,,,,,,,,,,,,,
Latin American Studies,PORT 241,PORT 250,PORT 250H,AFR 256,PORT 256,PORT 266,SPAN 266,PORT 310,SPAN 310,MUS 314,PORT 314,PORT 350,SPAN 241,SPAN 243,SPAN 244,SPAN 246,SPAN 247,MER 248,SPAN 248,SPAN 250,SPAN 250H,SPAN 251,SPAN 252,SPAN 253,SPAN 257,SPAN 258H,SPAN 263,SPAN 265,SPAN 269,LING 270,SPAN 270,SPAN 272,LAST 273,SPAN 273,SPAN 275,LAST 275,JWST 277,SPAN 277,SPAN 278,SPAN 279,SPAN 287,SPAN 291,SPAN 293,SPAN 299,SPAN 301,SPAN 302,SPAN 303,SPAN 305,SPAN 307,SPAN 308,SPAN 309,SPAN 311,LAST 317,SPAN 317,SPAN 318,SPAN 319,SPAN 322,SPAN 323,SPAN 324,SPAN 325,SPAN 329,SPAN 335,SPAN 344,SPAN 350,SPAN 350H,SPAN 360,SPAN 370,SPAN 377,JWST 377,ANTH 245,LAST 245,ECON 241,LAST 241,HIST 207,LAST 207,HIST 211,LAST 211,LAST 101,LAST 217,POL2 207,LAST 101,AFR 242,REL 214,AFR 302,ARTH 207,ARTH 234,ARTH 236,ARTH 237,ARTH 307,ARTH 334,ARTH 339,CAMS 240,WGST 240,ENG 298,LAST 221H,REL 226,REL 326,WGST 216,WGST 218,WGST 326,AFR 226,AFR 245,POL3 245,AFR 297,AFR 299,AFR 306,AFR 341,AMST 161,AMST 217,AMST 225,SOC 225,AMST 235,AMST 246,SOC 246,AMST 290,PEAC 290,AMST 323,AMST 327,ANTH 210,ANTH 231,PEAC 231,ANTH 235,MUS 245,ANTH 245,LAST 245,ANTH 249,ANTH 341,ANTH 345,MUS 345,ANTH 346,ECON 241,LAST 241,EDUC 321,PEAC 312,SOC 312,ES 229,ES 329,HIST 207,LAST 207,HIST 211,LAST 211,HIST 212,HIST 215,HIST 218,HIST 244,HIST 358,HIST 359,HIST 376,HIST 377,LAST 217,POL2 207,LAST 253,POL2 253,MUS 210,MUS 214H,MUS 215,POL2 306,POL2 320,POL2 368,POL4 345,ENGR 120,,,,,,,,,,,,,,,,,,,,,,,,,,,,,,,,,,,,,,,,,,,,,,,,,,,,,,,,,,,,,,,,,,,,,,,,,,,,,,,,,,,,,,,,,,,,,,,,,,,,,,,,,,,,,,,,,,,,,,,,,,,,,,,,,,,,,,,,,,,,,,,,,,,,,,,,,,,,,,,,,,,,,,,,,,,,,,,,,,,,,,,,,,,,,,,,,,,,,,,,,,,,,,,,,,,,,,,,,,,,,,,,,,,
Media Arts and Sciences,ARTH 100,ARTS 105,ARTS 108,CAMS 138,ARTS 109,ARTS 110,ARTS 113,ARTS 165,CAMS 135,CAMS 101,CAMS 115,MAS 115,ARTS 207,ARTS 208,CAMS 238,ARTS 216,ARTS 219,ARTS 220,ARTS 221,CAMS 239,ARTS 255,CAMS 255,ARTS 260,CAMS 230,ARTS 265,CAMS 235,ARTS 307,ARTS 308,CAMS 338,ARTS 313,CAMS 313,ARTS 317H,ARTS 318H,ARTS 321,CAMS 321,ARTS 322,ARTS 336,MUS 336,ARTS 365,CAMS 335,ARTS 366,CAMS 366,CS 111,CS 121,CS 203,CS 204,CS 220,CS 221,CS 230,CS 232,CS 304,CS 305,CS 307,CS 315,CS 320,CS 321,CS 323,MUS 275,MUS 277,ARTS 225,ARTH 226,CAMS 207,ARTS 391,CAMS 318,CAMS 222,PHIL 222,PSYC 218,MAS 250,MAS 250H,MAS 250,MAS 250H,MAS 360,MAS 370,ANTH 232,CAMS 232,ANTH 246,MAS 246,ARTH 222,MAS 222,ARTH 373,CLCV 373,CAMS 208,ENG 208,CAMS 234,ENG 204,CS 231,CS 234,CS 242,CS 332,MUS 213,MUS 276,MUS 300,PHIL 203,THST 200,THST 207,THST 209,,,,,,,,,,,,,,,,,,,,,,,,,,,,,,,,,,,,,,,,,,,,,,,,,,,,,,,,,,,,,,,,,,,,,,,,,,,,,,,,,,,,,,,,,,,,,,,,,,,,,,,,,,,,,,,,,,,,,,,,,,,,,,,,,,,,,,,,,,,,,,,,,,,,,,,,,,,,,,,,,,,,,,,,,,,,,,,,,,,,,,,,,,,,,,,,,,,,,,,,,,,,,,,,,,,,,,,,,,,,,,,,,,,,,,,,,,,,,,,,,,,,,,,,,,,,,,,,,,,,,,,,,,,,,,,,,,,,,,,,,,,,,,,,,,,,
Medieval Renaissance Studies,ARTH 110Y,ARTH 201,ARTH 222,ARTH 227,ARTH 229,ARTH 244,ARTH 246,ARTH 247,ARTH 251,ARTH 299,ARTH 313,ARTH 325,ARTH 326,ARTH 328,ARTH 331,ARTH 347,CLPT 247,ENG 247,MER 247,CHIN 211,CHIN 200,ENG 112,ENG 210,ENG 211,MER 211,ENG 213,ENG 214,MER 214,ENG 221,HIST 221,ENG 222,ENG 223,ENG 224,ENG 227,ENG 311,MER 311,ENG 315,ENG 316,ENG 317,ENG 324,ENG 325,FREN 210,FREN 224,FREN 278,FREN 303,FREN 333,HIST 208,HIST 213,HIST 214,HIST 222,HIST 232,HIST 234,HIST 246,HIST 279,HIST 330,HIST 352,HIST 354,HIST 358,HIST 379,ITAS 263,ITAS 274,MES 261,REL 261,MES 365,REL 365,MUS 200,PHIL 200,PHIL 221,PHIL 300,REL 216,REL 270,REL 226,REL 262,REL 364,SPAN 252,SPAN 262,SPAN 278,SPAN 302,SPAN 307,SPAN 308,SPAN 318,SPAN 325,WRIT 141,WRIT 143,WRIT 147,WRIT 153,WRIT 187,,,,,,,,,,,,,,,,,,,,,,,,,,,,,,,,,,,,,,,,,,,,,,,,,,,,,,,,,,,,,,,,,,,,,,,,,,,,,,,,,,,,,,,,,,,,,,,,,,,,,,,,,,,,,,,,,,,,,,,,,,,,,,,,,,,,,,,,,,,,,,,,,,,,,,,,,,,,,,,,,,,,,,,,,,,,,,,,,,,,,,,,,,,,,,,,,,,,,,,,,,,,,,,,,,,,,,,,,,,,,,,,,,,,,,,,,,,,,,,,,,,,,,,,,,,,,,,,,,,,,,,,,,,,,,,,,,,,,,,,,,,,,,,,,,,,,,,,,,,,,
Middle Eastern Studies,ARAB 201,ARAB 202,ARAB 250,ARAB 250H,ARAB 301,ARAB 302,ARAB 305,ARAB 307,ARAB 310,ARAB 350,ARAB 350H,MES 310,ARAB 368,REL 368,ARTH 203,ARTH 241,CLCV 240,REL 240,HIST 266,SAS 266,HIST 284,HIST 293,HIST 364,HIST 366,HIST 367,HIST 369,SAS 367,JEST 104,REL 104,REL 260,REL 261,REL 263,REL 264,REL 265,REL 267,REL 347,REL 359,REL 361,REL 362,REL 363,REL 365,REL 367,PEAC 217,POL2 217,PHIL 366,REL 366,REL 105,REL 242,REL 243,REL 244,REL 262,REL 268,REL 269,REL 270,REL 330,REL 342,REL 348,REL 364,SPAN 252,,,,,,,,,,,,,,,,,,,,,,,,,,,,,,,,,,,,,,,,,,,,,,,,,,,,,,,,,,,,,,,,,,,,,,,,,,,,,,,,,,,,,,,,,,,,,,,,,,,,,,,,,,,,,,,,,,,,,,,,,,,,,,,,,,,,,,,,,,,,,,,,,,,,,,,,,,,,,,,,,,,,,,,,,,,,,,,,,,,,,,,,,,,,,,,,,,,,,,,,,,,,,,,,,,,,,,,,,,,,,,,,,,,,,,,,,,,,,,,,,,,,,,,,,,,,,,,,,,,,,,,,,,,,,,,,,,,,,,,,,,,,,,,,,,,,,,,,,,,,,,,,,,,,,,,,,,,,,,,,,,,,,,,,,
Music,MUS 100,MUS 122,MUS 244,MUS 275,MUS 277,CS 111,MUS 200,MUS 201,MUS 202,MUS 300,MUS 315,MUS 199,MUS 299,MUS 344,MUS 250H,MUS 250H,MUS 209,MUS 309,MUS 220,MUS 245,MUS 345,MUS 201,MUS 212,MUS 210,MUS 215,MUS 276,MUS 298,MUS 398,MUS 222,MUS 322,MUS 250,MUS 350,MUS 275,AMST 217,AMST 315,MUS 301,MUS 314,MUS 202,,,,,,,,,,,,,,,,,,,,,,,,,,,,,,,,,,,,,,,,,,,,,,,,,,,,,,,,,,,,,,,,,,,,,,,,,,,,,,,,,,,,,,,,,,,,,,,,,,,,,,,,,,,,,,,,,,,,,,,,,,,,,,,,,,,,,,,,,,,,,,,,,,,,,,,,,,,,,,,,,,,,,,,,,,,,,,,,,,,,,,,,,,,,,,,,,,,,,,,,,,,,,,,,,,,,,,,,,,,,,,,,,,,,,,,,,,,,,,,,,,,,,,,,,,,,,,,,,,,,,,,,,,,,,,,,,,,,,,,,,,,,,,,,,,,,,,,,,,,,,,,,,,,,,,,,,,,,,,,,,,,,,,,,,,,,,,,,,,,,,,,,,,,,,,
Neuroscience,NEUR 100,NEUR 200,NEUR 300,BISC 110,BISC 110P,BISC 112,BISC 112Y,BISC 116,PSYC 205,STAT 218,BISC 219,BISC 220,CHEM 211,CHEM 223,CHEM 227,PSYC 215,PSYC 216,PSYC 217,PSYC 218,PHIL 215,CS 232,MATH 215,PHYS 210,PHYS 216,QR 260,STAT 260,BISC 302,BIOC 325,CHEM 325,NEUR 305,BISC 306,NEUR 306,BISC 315,NEUR 315,NEUR 332,PSYC 314R,PSYC 315R,PSYC 316,PSYC 317,PSYC 319,PSYC 328,NEUR 310,NEUR 325,NEUR 335,CS 305,CS 332,,,,,,,,,,,,,,,,,,,,,,,,,,,,,,,,,,,,,,,,,,,,,,,,,,,,,,,,,,,,,,,,,,,,,,,,,,,,,,,,,,,,,,,,,,,,,,,,,,,,,,,,,,,,,,,,,,,,,,,,,,,,,,,,,,,,,,,,,,,,,,,,,,,,,,,,,,,,,,,,,,,,,,,,,,,,,,,,,,,,,,,,,,,,,,,,,,,,,,,,,,,,,,,,,,,,,,,,,,,,,,,,,,,,,,,,,,,,,,,,,,,,,,,,,,,,,,,,,,,,,,,,,,,,,,,,,,,,,,,,,,,,,,,,,,,,,,,,,,,,,,,,,,,,,,,,,,,,,,,,,,,,,,,,,,,,,,,,,,,,,,
Peace and Justice Studies,PEAC 104,PEAC 204,PEAC 250H,,,,,,,,,,,,,,,,,,,,,,,,,,,,,,,,,,,,,,,,,,,,,,,,,,,,,,,,,,,,,,,,,,,,,,,,,,,,,,,,,,,,,,,,,,,,,,,,,,,,,,,,,,,,,,,,,,,,,,,,,,,,,,,,,,,,,,,,,,,,,,,,,,,,,,,,,,,,,,,,,,,,,,,,,,,,,,,,,,,,,,,,,,,,,,,,,,,,,,,,,,,,,,,,,,,,,,,,,,,,,,,,,,,,,,,,,,,,,,,,,,,,,,,,,,,,,,,,,,,,,,,,,,,,,,,,,,,,,,,,,,,,,,,,,,,,,,,,,,,,,,,,,,,,,,,,,,,,,,,,,,,,,,,,,,,,,,,,,,,,,,,,,,,,,,,,,,,,,,,,,,,,,,,,,,,,,,,,,,,,,,,,,
Philosophy,PHIL 201,PHIL 221,PHIL 102,PHIL 200,PHIL 221,PHIL 231,PHIL 325,PHIL 300,PHIL 301,PHIL 305,PHIL 306,PHIL 307,PHIL 310,PHIL 102,PHIL 105,PHIL 106,PHIL 108,PHIL 111,PHIL 115,PHIL 203,PHIL 205,PHIL 213,PHIL 220,PHIL 22,PHIL 226,PHIL 228,PHIL 229,PHIL 231,PHIL 233,PHIL 234,PHIL 236,PHIL 249,PHIL 300,PHIL 301,PHIL 303,PHIL 304,PHIL 306,PHIL 307,PHIL 310,PHIL 316,PHIL 317,PHIL 323,PHIL 330,PHIL 331,PHIL 333,PHIL 338,PHIL 340,PHIL 341,PHIL 342,PHIL 345,PHIL 366,PHIL 103,PHIL 112,PHIL 200,PHIL 207,PHIL 215,PHIL 216,PHIL 218,PHIL 220,PHIL 229,PHIL 245,PHIL 300,PHIL 306,PHIL 310,PHIL 311,PHIL 317,PHIL 319,PHIL 323,PHIL 325,PHIL 331,PHIL 333,PHIL 341,PHIL 345,EDUC 102,WRIT 114,,,,,,,,,,,,,,,,,,,,,,,,,,,,,,,,,,,,,,,,,,,,,,,,,,,,,,,,,,,,,,,,,,,,,,,,,,,,,,,,,,,,,,,,,,,,,,,,,,,,,,,,,,,,,,,,,,,,,,,,,,,,,,,,,,,,,,,,,,,,,,,,,,,,,,,,,,,,,,,,,,,,,,,,,,,,,,,,,,,,,,,,,,,,,,,,,,,,,,,,,,,,,,,,,,,,,,,,,,,,,,,,,,,,,,,,,,,,,,,,,,,,,,,,,,,,,,,,,,,,,,,,,,,,,,,,,,,,,,,,,,,,,,,,,,,,,,,,,,,,,,,,,,,,,,,,,
Physics - entering after Fall 2018,,,,,,,,,,,,,,,,,,,,,,,,,,,,,,,,,,,,,,,,,,,,,,,,,,,,,,,,,,,,,,,,,,,,,,,,,,,,,,,,,,,,,,,,,,,,,,,,,,,,,,,,,,,,,,,,,,,,,,,,,,,,,,,,,,,,,,,,,,,,,,,,,,,,,,,,,,,,,,,,,,,,,,,,,,,,,,,,,,,,,,,,,,,,,,,,,,,,,,,,,,,,,,,,,,,,,,,,,,,,,,,,,,,,,,,,,,,,,,,,,,,,,,,,,,,,,,,,,,,,,,,,,,,,,,,,,,,,,,,,,,,,,,,,,,,,,,,,,,,,,,,,,,,,,,,,,,,,,,,,,,,,,,,,,,,,,,,,,,,,,,,,,,,,,,,,,,,,,,,,,,,,,,,,,,,,,,,,,,,,,,,,,,,,
Political Science,,,,,,,,,,,,,,,,,,,,,,,,,,,,,,,,,,,,,,,,,,,,,,,,,,,,,,,,,,,,,,,,,,,,,,,,,,,,,,,,,,,,,,,,,,,,,,,,,,,,,,,,,,,,,,,,,,,,,,,,,,,,,,,,,,,,,,,,,,,,,,,,,,,,,,,,,,,,,,,,,,,,,,,,,,,,,,,,,,,,,,,,,,,,,,,,,,,,,,,,,,,,,,,,,,,,,,,,,,,,,,,,,,,,,,,,,,,,,,,,,,,,,,,,,,,,,,,,,,,,,,,,,,,,,,,,,,,,,,,,,,,,,,,,,,,,,,,,,,,,,,,,,,,,,,,,,,,,,,,,,,,,,,,,,,,,,,,,,,,,,,,,,,,,,,,,,,,,,,,,,,,,,,,,,,,,,,,,,,,,,,,,,,,,
Psychology,PSYC 101,PSYC 205,PSYC 207,PSYC 208,PSYC 210,PSYC 212,PSYC 213,PSYC 214,PSYC 215,PSYC 216,PSYC 217,PSYC 218,PSYC 219,PSYC 250,PSYC 250H,PSYC 350,PSYC 350H,PSYC 360,PSYC 370,QR 260,STAT 260,PSYC 306R,PSYC 307R,PSYC 310R,PSYC 312R,PSYC 314R,PSYC 323R,,,,,,,,,,,,,,,,,,,,,,,,,,,,,,,,,,,,,,,,,,,,,,,,,,,,,,,,,,,,,,,,,,,,,,,,,,,,,,,,,,,,,,,,,,,,,,,,,,,,,,,,,,,,,,,,,,,,,,,,,,,,,,,,,,,,,,,,,,,,,,,,,,,,,,,,,,,,,,,,,,,,,,,,,,,,,,,,,,,,,,,,,,,,,,,,,,,,,,,,,,,,,,,,,,,,,,,,,,,,,,,,,,,,,,,,,,,,,,,,,,,,,,,,,,,,,,,,,,,,,,,,,,,,,,,,,,,,,,,,,,,,,,,,,,,,,,,,,,,,,,,,,,,,,,,,,,,,,,,,,,,,,,,,,,,,,,,,,,,,,,,,,,,,,,,,,,,,,,,,,
Religion,,,,,,,,,,,,,,,,,,,,,,,,,,,,,,,,,,,,,,,,,,,,,,,,,,,,,,,,,,,,,,,,,,,,,,,,,,,,,,,,,,,,,,,,,,,,,,,,,,,,,,,,,,,,,,,,,,,,,,,,,,,,,,,,,,,,,,,,,,,,,,,,,,,,,,,,,,,,,,,,,,,,,,,,,,,,,,,,,,,,,,,,,,,,,,,,,,,,,,,,,,,,,,,,,,,,,,,,,,,,,,,,,,,,,,,,,,,,,,,,,,,,,,,,,,,,,,,,,,,,,,,,,,,,,,,,,,,,,,,,,,,,,,,,,,,,,,,,,,,,,,,,,,,,,,,,,,,,,,,,,,,,,,,,,,,,,,,,,,,,,,,,,,,,,,,,,,,,,,,,,,,,,,,,,,,,,,,,,,,,,,,,,,,,
Russian,,RUSS 201,RUSS 202,,RUSS 251,RUSS 272,RUSS 276,RUSS 301,RUSS 302,,RUSS 305,RUSS 306,RUSS 333H,RUSS 355H,RUSS 376H,RUSS 377H,RUSS 378H,RUSS 386H,CLPT 284,CLPT 294,,,,,,,,,,,,,,,,,,,,,,,,,,,,,,,,,,,,,,,,,,,,,,,,,,,,,,,,,,,,,,,,,,,,,,,,,,,,,,,,,,,,,,,,,,,,,,,,,,,,,,,,,,,,,,,,,,,,,,,,,,,,,,,,,,,,,,,,,,,,,,,,,,,,,,,,,,,,,,,,,,,,,,,,,,,,,,,,,,,,,,,,,,,,,,,,,,,,,,,,,,,,,,,,,,,,,,,,,,,,,,,,,,,,,,,,,,,,,,,,,,,,,,,,,,,,,,,,,,,,,,,,,,,,,,,,,,,,,,,,,,,,,,,,,,,,,,,,,,,,,,,,,,,,,,,,,,,,,,,,,,,,,,,,,,,,,,,,,,,,,,,,,,,,,,,,,,,,,,,,,,,,,,,,
Russian Area Studies,,,,,,,,,,,,,,,,,,,,,,,,,,,,,,,,,,,,,,,,,,,,,,,,,,,,,,,,,,,,,,,,,,,,,,,,,,,,,,,,,,,,,,,,,,,,,,,,,,,,,,,,,,,,,,,,,,,,,,,,,,,,,,,,,,,,,,,,,,,,,,,,,,,,,,,,,,,,,,,,,,,,,,,,,,,,,,,,,,,,,,,,,,,,,,,,,,,,,,,,,,,,,,,,,,,,,,,,,,,,,,,,,,,,,,,,,,,,,,,,,,,,,,,,,,,,,,,,,,,,,,,,,,,,,,,,,,,,,,,,,,,,,,,,,,,,,,,,,,,,,,,,,,,,,,,,,,,,,,,,,,,,,,,,,,,,,,,,,,,,,,,,,,,,,,,,,,,,,,,,,,,,,,,,,,,,,,,,,,,,,,,,,,,,
Sociology,,,,,,,,,,,,,,,,,,,,,,,,,,,,,,,,,,,,,,,,,,,,,,,,,,,,,,,,,,,,,,,,,,,,,,,,,,,,,,,,,,,,,,,,,,,,,,,,,,,,,,,,,,,,,,,,,,,,,,,,,,,,,,,,,,,,,,,,,,,,,,,,,,,,,,,,,,,,,,,,,,,,,,,,,,,,,,,,,,,,,,,,,,,,,,,,,,,,,,,,,,,,,,,,,,,,,,,,,,,,,,,,,,,,,,,,,,,,,,,,,,,,,,,,,,,,,,,,,,,,,,,,,,,,,,,,,,,,,,,,,,,,,,,,,,,,,,,,,,,,,,,,,,,,,,,,,,,,,,,,,,,,,,,,,,,,,,,,,,,,,,,,,,,,,,,,,,,,,,,,,,,,,,,,,,,,,,,,,,,,,,,,,,,,
South Asia Studies,,,,,,,,,,,,,,,,,,,,,,,,,,,,,,,,,,,,,,,,,,,,,,,,,,,,,,,,,,,,,,,,,,,,,,,,,,,,,,,,,,,,,,,,,,,,,,,,,,,,,,,,,,,,,,,,,,,,,,,,,,,,,,,,,,,,,,,,,,,,,,,,,,,,,,,,,,,,,,,,,,,,,,,,,,,,,,,,,,,,,,,,,,,,,,,,,,,,,,,,,,,,,,,,,,,,,,,,,,,,,,,,,,,,,,,,,,,,,,,,,,,,,,,,,,,,,,,,,,,,,,,,,,,,,,,,,,,,,,,,,,,,,,,,,,,,,,,,,,,,,,,,,,,,,,,,,,,,,,,,,,,,,,,,,,,,,,,,,,,,,,,,,,,,,,,,,,,,,,,,,,,,,,,,,,,,,,,,,,,,,,,,,,,,
Spanish,,,,,,,,,,,,,,,,,,,,,,,,,,,,,,,,,,,,,,,,,,,,,,,,,,,,,,,,,,,,,,,,,,,,,,,,,,,,,,,,,,,,,,,,,,,,,,,,,,,,,,,,,,,,,,,,,,,,,,,,,,,,,,,,,,,,,,,,,,,,,,,,,,,,,,,,,,,,,,,,,,,,,,,,,,,,,,,,,,,,,,,,,,,,,,,,,,,,,,,,,,,,,,,,,,,,,,,,,,,,,,,,,,,,,,,,,,,,,,,,,,,,,,,,,,,,,,,,,,,,,,,,,,,,,,,,,,,,,,,,,,,,,,,,,,,,,,,,,,,,,,,,,,,,,,,,,,,,,,,,,,,,,,,,,,,,,,,,,,,,,,,,,,,,,,,,,,,,,,,,,,,,,,,,,,,,,,,,,,,,,,,,,,,,
Theatre Studies,,,,,,,,,,,,,,,,,,,,,,,,,,,,,,,,,,,,,,,,,,,,,,,,,,,,,,,,,,,,,,,,,,,,,,,,,,,,,,,,,,,,,,,,,,,,,,,,,,,,,,,,,,,,,,,,,,,,,,,,,,,,,,,,,,,,,,,,,,,,,,,,,,,,,,,,,,,,,,,,,,,,,,,,,,,,,,,,,,,,,,,,,,,,,,,,,,,,,,,,,,,,,,,,,,,,,,,,,,,,,,,,,,,,,,,,,,,,,,,,,,,,,,,,,,,,,,,,,,,,,,,,,,,,,,,,,,,,,,,,,,,,,,,,,,,,,,,,,,,,,,,,,,,,,,,,,,,,,,,,,,,,,,,,,,,,,,,,,,,,,,,,,,,,,,,,,,,,,,,,,,,,,,,,,,,,,,,,,,,,,,,,,,,,
Women's and Gender Studies,,,,,,,,,,,,,,,,,,,,,,,,,,,,,,,,,,,,,,,,,,,,,,,,,,,,,,,,,,,,,,,,,,,,,,,,,,,,,,,,,,,,,,,,,,,,,,,,,,,,,,,,,,,,,,,,,,,,,,,,,,,,,,,,,,,,,,,,,,,,,,,,,,,,,,,,,,,,,,,,,,,,,,,,,,,,,,,,,,,,,,,,,,,,,,,,,,,,,,,,,,,,,,,,,,,,,,,,,,,,,,,,,,,,,,,,,,,,,,,,,,,,,,,,,,,,,,,,,,,,,,,,,,,,,,,,,,,,,,,,,,,,,,,,,,,,,,,,,,,,,,,,,,,,,,,,,,,,,,,,,,,,,,,,,,,,,,,,,,,,,,,,,,,,,,,,,,,,,,,,,,,,,,,,,,,,,,,,,,,,,,,,,,,,